--
-- PostgreSQL database dump
--

\restrict xhLqpq2tF31Sbgdrxs6fYevb1CUvrqrRIVnMD0Ffv4ox2dXEtCka4wsmaioUndy

-- Dumped from database version 17.6
-- Dumped by pg_dump version 17.6 (Homebrew)

SET statement_timeout = 0;
SET lock_timeout = 0;
SET idle_in_transaction_session_timeout = 0;
SET transaction_timeout = 0;
SET client_encoding = 'UTF8';
SET standard_conforming_strings = on;
SELECT pg_catalog.set_config('search_path', '', false);
SET check_function_bodies = false;
SET xmloption = content;
SET client_min_messages = warning;
SET row_security = off;

--
-- Data for Name: languages; Type: TABLE DATA; Schema: public; Owner: postgres
--

COPY public.languages (code, name, display_name, native_name, preferred_engine, fallback_engine, is_active, is_beta, sort_order, flag_emoji, created_at) FROM stdin;
en	English	English	English	\N	\N	t	f	0	🇺🇸	2025-09-10 05:40:23.88768+00
zh	Chinese	Chinese	中文	google	azure	t	f	1	🇨🇳	2025-08-15 00:22:47.265913+00
my	Myanmar	Burmese	မြန်မာ	google	azure	t	f	2	🇲🇲	2025-08-15 00:22:47.265913+00
id	Indonesian	Indonesian	Bahasa Indonesia	deepl	google	t	f	3	🇮🇩	2025-08-15 00:22:47.265913+00
\.

--
-- Data for Name: learning_tracks; Type: TABLE DATA; Schema: public; Owner: postgres
--

COPY public.learning_tracks (id, title, description, created_by, created_at, updated_at, status, schedule_type, start_date, end_date, duration_weeks, lessons_per_week, allow_all_lessons_immediately, allow_parallel_tracks, schedule_days, max_lessons_per_week, owner) FROM stdin;
64da4445-eeb3-4cb7-9846-17a3038cb4c1	HIB Simplified	Simplified for staff	ad5148a0-84aa-434a-9c90-379a29d20adc	2025-09-11 17:13:45.949574+00	2025-11-15 09:36:21.867474+00	published	flexible	\N	\N	\N	\N	f	f	\N	\N	master
7ebde950-2e8c-44cc-8c57-1973af05ec1e	HIB for Nursing Staff		ad5148a0-84aa-434a-9c90-379a29d20adc	2025-09-11 17:12:57.027809+00	2025-11-15 09:36:21.867474+00	published	flexible	\N	\N	\N	\N	f	f	\N	\N	master
b4ab01ef-80ad-416d-86db-eb4c30007c28	Test translated Lesson Tracks		\N	2025-09-09 07:17:51.848118+00	2025-11-15 09:36:21.867474+00	published	flexible	\N	\N	\N	\N	t	f	\N	\N	master
20183719-3998-4416-a54d-385cbe317c6e	CSA Cybersecurity Education Requirements	This track fulfills CSA's Cybersecurity Education requirements for an organisation. Upon passing the quiz at the end of the 10 lessons, you'll receive RAYN's Cybersecurity Level 1 Certificate.	\N	2025-07-03 18:17:09.481648+00	2025-11-15 09:36:21.867474+00	published	duration_based	\N	\N	10	2	f	f	\N	\N	master
e10645b4-8b64-4e8c-b30a-d4c6036753d6	CSA Essentials for IT		\N	2025-07-09 04:11:28.324153+00	2025-11-15 09:36:21.867474+00	published	flexible	\N	\N	\N	\N	f	f	\N	\N	master
0a8326a3-4239-4181-96fd-ac9b6c058964	Ren Ci Staff PDPA (Bahasa)		\N	2025-09-01 08:04:15.957113+00	2025-11-15 09:36:21.867474+00	published	duration_based	\N	\N	4	1	f	f	\N	\N	master
bc0409a9-0c39-4850-9b26-d232bc07e309	Welcome! Password Security	Welcome episode introducing password security fundamentals	\N	2025-07-09 00:44:31.434142+00	2025-11-15 09:36:21.867474+00	published	flexible	\N	\N	\N	\N	f	f	\N	\N	master
4a774ea2-e0e4-4ffc-8cc1-bee0ba517316	Cybersecurity Essentials for Management		ad5148a0-84aa-434a-9c90-379a29d20adc	2025-09-11 17:12:26.563789+00	2025-11-15 09:36:21.867474+00	published	flexible	\N	\N	\N	\N	f	f	\N	\N	master
92307715-7e21-456c-b6d3-2c2b40c7828e	Cybersecurity Demo Learning Track		\N	2025-11-12 07:43:29.429916+00	2025-11-15 09:36:21.867474+00	published	weekly_schedule	2025-11-14	2026-01-14	4	\N	f	f	{1,4}	2	master
fc72e06d-1c0c-416c-85ef-959aba7fa1b1	Master Track		\N	2025-11-15 09:58:12.389007+00	2025-11-15 09:59:45.348514+00	published	flexible	\N	\N	\N	\N	f	f	\N	\N	ACME
\.

--
-- Data for Name: lessons; Type: TABLE DATA; Schema: public; Owner: postgres
--

COPY public.lessons (id, title, description, created_by, created_at, updated_at, status, start_node_id, estimated_duration, updated_by, lesson_type, quiz_config, owner) FROM stdin;
bb63ab08-b5bc-442a-8a0c-a4fa554f6ddf	Master Lesson Test		56e2b62a-c393-4bcf-ae6d-1b8c4b0fa823	2025-11-15 09:56:09.641946+00	2025-11-15 09:59:32.476401+00	published	node_1763200615044	5	56e2b62a-c393-4bcf-ae6d-1b8c4b0fa823	lesson	\N	ACME
4c67d4c0-6012-40c3-901b-3c570f5727f4	Test module	to test branching into and out of a lesson.	56e2b62a-c393-4bcf-ae6d-1b8c4b0fa823	2025-09-03 14:26:31.173309+00	2025-11-15 09:36:21.867474+00	published	node_1756909595277	2	\N	module	\N	master
459e9611-69ba-4b98-9d43-5fe25f56f85e	HIB and Your Obligations	This lesson covers your obligations in relation to HIB.	56e2b62a-c393-4bcf-ae6d-1b8c4b0fa823	2025-09-11 05:39:00.589927+00	2025-11-15 09:36:21.867474+00	published	\N	10	\N	lesson	\N	master
fcbb989f-565d-4f87-8a65-a419ba7b69e1	Intro to HIB	This lesson provides an overview of the Health Information Bill 	56e2b62a-c393-4bcf-ae6d-1b8c4b0fa823	2025-09-11 05:34:26.438183+00	2025-11-15 09:36:21.867474+00	published	node_1757592037333	10	\N	lesson	\N	master
19ba4be0-819c-4065-a3dd-7729d6c53485	Data Portability	At the request of the individual, organisations are required to transmit the individual’s data that is in the organisation’s possession or under its control, to another organisation in a commonly used machine-readable format. \n\nExceptions may apply to the obligations above. For more information, please refer to Advisory Guidelines on Key Concepts in the Personal Data Protection Act.	56e2b62a-c393-4bcf-ae6d-1b8c4b0fa823	2025-08-25 17:06:59.287186+00	2025-11-15 09:36:21.867474+00	draft	\N	10	\N	lesson	\N	master
a1b2c3d4-e5f6-7890-abcd-ef1234567890	Introduction to the Personal Data Protection Act (PDPA)	Interactive data protection training focusing on creating a strong understanding of personal data, and how to protect and handle it.	\N	2025-07-09 18:02:16.051722+00	2025-11-15 09:36:21.867474+00	published	intro	10	\N	lesson	\N	master
af3d4820-1e57-4501-89f8-305aa9e7b9e9	HIB and Data Protection	This lesson covers what you need to know about data protection in relation to HIB.	56e2b62a-c393-4bcf-ae6d-1b8c4b0fa823	2025-09-11 05:38:07.870877+00	2025-11-15 09:36:21.867474+00	draft	\N	10	\N	lesson	\N	master
ad4e3c99-975a-427a-b680-03b774ec4317	Passphrase Best Practices	We all use passwords and know about using mixed cases, numbers, special characters, etc. when we create passwords. But are they really safe? This lesson covers the best practices of creating passwords that are secure, and not easily hackable. 	\N	2025-08-08 15:27:59.879887+00	2025-11-15 09:36:21.867474+00	published	node_1754667499326	4	56e2b62a-c393-4bcf-ae6d-1b8c4b0fa823	module	\N	master
3b34d10e-752a-47b2-a1e2-bd96272e75a8	Case Study - SP Group text / email scam	Over $12,000 lost to scammers claiming to be from SP Group	49a2e25a-8d73-4722-9440-eef9c9d4dc42	2025-11-12 07:00:13.025827+00	2025-11-15 09:36:21.867474+00	published	node_1762931377906	5	49a2e25a-8d73-4722-9440-eef9c9d4dc42	module	\N	master
9cfc3654-15eb-4d60-af87-83c9c8f2fa9f	Lock It Down - Protect What You Have	Most data breach investigation determine that lack of adequate security safeguards is the main causal factor.  Reasonable security arrangements must be implemented to protect the personal data that is in the organisation's possession to prevent unauthorised access, collection, use, disclosure or mitigate similar risks.	e5b43f83-f2cb-49c2-a036-558c2336d5a7	2025-11-12 10:13:27.132238+00	2025-11-15 09:36:21.867474+00	draft	\N	5	\N	lesson	\N	master
71b8e53b-4c95-4d67-aacf-0434f833fc47	Purpose LImitiation	Only collect, use or disclose personal data for the purposes that a reasonable person would consider appropriate under the given circumstances and for which the individual has given consent.\n\nAn organisation may not, as a condition of providing a product or service, require the individual to consent to the collection, use or disclosure of his or her personal data beyond what is reasonable to provide that product or service.	\N	2025-07-02 18:32:04.114242+00	2025-11-15 09:36:21.867474+00	published	node_1751487779564	5	\N	lesson	\N	master
26721096-1855-4d0b-835b-46025a7b4c3f	Quiz!	It's Quiz Time!  After 10 episodes, it's a good time to do a little quiz and see what you remember.  It'll help you and us be safe and cyber secure.  And of course, it's important for our clients and stakeholders.  It won't take more than 10 minutes!	\N	2025-07-08 18:23:40.888051+00	2025-11-15 09:36:21.867474+00	draft	\N	\N	\N	lesson	\N	master
ba58297d-d2cd-4f36-a80c-a0dcacb897de	Personal Data and You. Can you handle it? 	We all deal with people's personal data these days:  clients, colleagues, customers, voters, you name it.  We have to be careful.  Why did one company get fined over 850 million dollars?  Or a mayor gets fined 2 grand? It can be tricky:  what can we do, what can't we do, what do we have to do?  Let's take a look.	\N	2025-07-08 18:23:40.888051+00	2025-11-15 09:36:21.867474+00	published	node_1756415301542	10	\N	lesson	\N	master
db1709d0-cc53-424d-845e-47f77231e17f	Dont Hoard - Retention Bites	More is not always best. Done hoard or retain personal data longer than necessary. Cease retention of personal data or dispose of in a proper manner when it is no longer needed for any business or legal purpose.	e5b43f83-f2cb-49c2-a036-558c2336d5a7	2025-11-12 10:17:09.651067+00	2025-11-15 09:36:21.867474+00	draft	\N	5	\N	lesson	\N	master
4569c7a6-be9d-4740-8ca5-18f889c35d08	Less Is Best - Data Minimisation	The organisation should collect only what is absolutely necessary for the state purpose(s). More data equates to more risk of exposure and unauthorised access.	e5b43f83-f2cb-49c2-a036-558c2336d5a7	2025-11-12 13:13:56.806216+00	2025-11-15 09:36:21.867474+00	draft	\N	5	\N	lesson	\N	master
e8258a38-0f83-4d7d-967e-de642737e1cb	Overarching Obligations	The PDPA seems daunting but don't worry: this lesson explains your overarching obligations with regards to the act and walks you through critical terms you need to know, and sets the foundation of your knowledge of the PDPA.	\N	2025-07-08 18:23:40.888051+00	2025-11-15 09:36:21.867474+00	draft	node_1756586512109	10	\N	lesson	\N	master
57cde5ae-57f4-4a5d-a956-2368d7f851b8	HIB and Cybersecurity	This lesson covers what you need to know about cybersecurity in relation to HIB.	56e2b62a-c393-4bcf-ae6d-1b8c4b0fa823	2025-09-11 05:37:49.273498+00	2025-11-15 09:36:21.867474+00	published	\N	10	\N	lesson	\N	master
fc018c58-7bf8-4b54-ae01-79501989164a	Retention Limit	Cease retention of personal data or dispose of it in a proper manner when it is no longer needed for any business or legal purpose.	\N	2025-07-08 18:23:40.888051+00	2025-11-15 09:36:21.867474+00	draft	\N	10	\N	lesson	\N	master
207c4b5f-11b3-40e9-b062-103d1dae1263	Transfer Limitation	Transfer personal data to another country only according to the requirements prescribed under the regulations, to ensure that the standard of protection is comparable to the protection under the PDPA, unless exempted by the PDPC.	\N	2025-07-08 18:23:40.888051+00	2025-11-15 09:36:21.867474+00	published	node_1754256700672	10	\N	lesson	\N	master
84771ac6-e44a-4e3a-9bc0-acc0ccd6b4c8	Access and Correction	Upon request, organisations have to provide individuals with access to their personal data as well as information about how the data was used or disclosed within a year before the request.\n\nOrganisations are also required to correct any error or omission in an individual’s personal data as soon as practicable and send the corrected data to other organisations to which the personal data was disclosed (or to selected organisations that the individual has consented to), within a year before the correction is made. 	\N	2025-07-08 18:23:40.888051+00	2025-11-15 09:36:21.867474+00	draft	\N	10	\N	lesson	\N	master
696f4cfb-488c-4638-b33f-3f55fb10a822	HIB for Nursing Staff	Simplified lesson covering key HIB knowledge for Nursing Staff	56e2b62a-c393-4bcf-ae6d-1b8c4b0fa823	2025-09-11 05:41:21.957508+00	2025-11-15 09:36:21.867474+00	published	node_1757595841713	10	\N	lesson	\N	master
eccf0a0c-fb9e-47af-a9f8-2a0adeb9bd32	HIB for Nursing Staff - 2	This lesson focusses on managing passwords.	990a457c-eb6f-4202-8df6-f2c098c1b50c	2025-09-12 01:19:25.24387+00	2025-11-15 09:36:21.867474+00	published	node_1757640044013	10	\N	lesson	\N	master
09e15c67-cd0e-42cf-b68a-69541984f7b7	Notification	Notify individuals of the purposes for which your organisation is intending to collect, use or disclose their personal data.	\N	2025-07-08 18:23:40.888051+00	2025-11-15 09:36:21.867474+00	published	node_1754350416199	10	\N	lesson	\N	master
b9430ff6-c590-40a4-b620-ae26595b43be	Consent	Only collect, use or disclose personal data for purposes which an individual has given his/her consent to.\n\nAllow the individual to withdraw consent, with reasonable notice, and inform him/her of the likely consequences of withdrawal. Once consent is withdrawn, make sure that you cease to collect, use or disclose the individual’s personal data.	\N	2025-07-08 18:23:40.888051+00	2025-11-15 09:36:21.867474+00	published	\N	10	\N	lesson	\N	master
2b6a20d5-06af-4296-a0e6-3f859f399ea7	Simple mini node lesson	For generic testing purposes, including language translations.	56e2b62a-c393-4bcf-ae6d-1b8c4b0fa823	2025-08-17 03:37:59.728912+00	2025-11-15 09:36:21.867474+00	published	node_1755401924746	2	\N	lesson	\N	master
0d13dd7b-8552-4cfc-b24c-570faddede34	Data Breach Notification	In the event of a data breach, organisations must take steps to assess if it is notifiable. If the data breach likely results in significant harm to individuals, and/or are of significant scale, organisations are required to notify the PDPC and the affected individuals as soon as practicable.	56e2b62a-c393-4bcf-ae6d-1b8c4b0fa823	2025-08-25 17:05:20.220823+00	2025-11-15 09:36:21.867474+00	draft	\N	10	\N	lesson	\N	master
6e05305d-f774-4d57-bcb5-09be7800e062	Accuracy Obligation	Make reasonable effort to ensure that the personal data collected is accurate and complete, especially if it is likely to be used to make a decision that affects the individual or to be disclosed to another organisation.	\N	2025-07-08 18:23:40.888051+00	2025-11-15 09:36:21.867474+00	published	\N	10	990a457c-eb6f-4202-8df6-f2c098c1b50c	lesson	\N	master
825f3ae6-d593-4e25-9926-61542bcd8cd6	HIB Data Protection Cheat Sheet	This lesson covers the key information staff need to know in pictorial format.	56e2b62a-c393-4bcf-ae6d-1b8c4b0fa823	2025-09-11 16:45:32.64954+00	2025-11-15 09:36:21.867474+00	published	node_1757609140581	10	49a2e25a-8d73-4722-9440-eef9c9d4dc42	lesson	\N	master
76255dc9-84b9-4d63-b725-eb72136128f9	Accountability	The Accountability Obligation is an overarching responsibility that the organisation and each indvividual undertakes to protect the personal data that it has or is in control of. 	\N	2025-07-08 18:23:40.888051+00	2025-11-15 09:36:21.867474+00	published	node_1756625381826	5	990a457c-eb6f-4202-8df6-f2c098c1b50c	lesson	\N	master
1cda6a5b-6a8c-4556-b121-0e1eb4edac74	Protection	Reasonable security arrangements have to be made to protect the personal data in your organisation’s possession to prevent unauthorised access, collection, use, disclosure or similar risks.	\N	2025-07-08 18:23:40.888051+00	2025-11-15 09:36:21.867474+00	published	\N	10	990a457c-eb6f-4202-8df6-f2c098c1b50c	lesson	\N	master
4305695a-8ebb-4fe4-b79d-00389314cf20	Short Demo Quiz		56e2b62a-c393-4bcf-ae6d-1b8c4b0fa823	2025-09-20 05:15:52.564245+00	2025-11-15 09:36:21.867474+00	published	node_1762758762165	10	49a2e25a-8d73-4722-9440-eef9c9d4dc42	quiz	{"max_attempts": 10, "retry_policy": "limited", "trophy_config": {"trophy_name": "", "award_trophy": true, "trophy_description": ""}, "certificate_config": {"issuer": "Learning Platform", "certificate_name": "", "expires_after_days": null, "generate_certificate": true}, "passing_percentage": 70, "time_limit_minutes": null, "show_score_during_quiz": true}	master
4a933ccb-f446-4568-a685-4125abb87252	Your Data, Your Right - Access and Correction	The Data Subject has a right to request access to his/her personal data that is in the possession of or under the control of the organisation. The Data Subject also has the right to have any error or omission in his/her personal data corrected.  On receiving such requests, the organisation has to provide access as well as have the personal data corrected as soon as practicable.	e5b43f83-f2cb-49c2-a036-558c2336d5a7	2025-11-12 09:36:22.230254+00	2025-11-15 09:36:21.867474+00	draft	\N	5	e5b43f83-f2cb-49c2-a036-558c2336d5a7	lesson	\N	master
0fd716c1-142d-41f6-addb-6c2c77051f9e	Case Study - School Fees scam	Over $30,000 lost in new scam in Singapore involving requests for school fees by impersonators	49a2e25a-8d73-4722-9440-eef9c9d4dc42	2025-11-12 07:16:29.885635+00	2025-11-15 09:36:21.867474+00	published	node_1762931802103	5	49a2e25a-8d73-4722-9440-eef9c9d4dc42	module	\N	master
5569cc1a-1f8e-4e84-9237-66bcc3505747	Say Yes The Right Way - Consent Matters	It is important for any organisation, as a Data Controller, to get consent from the Data Subject, before collecting, using or disclosing personal data belonging to the Data Subject.  The organisation must allow the Data Subject to withdraw consent, and inform him/her of the likely consequences for withdrawing consent. Following consent withdrawal, the organisation must cease to collect, use or disclose the Data Subject's personal data.	e5b43f83-f2cb-49c2-a036-558c2336d5a7	2025-11-12 09:30:18.926665+00	2025-11-15 09:36:21.867474+00	draft	\N	5	e5b43f83-f2cb-49c2-a036-558c2336d5a7	lesson	\N	master
88783a2a-3b5f-4c1d-b87b-9fa20a644a08	No Surprises - Notify Before Handling Personal Data	The organisation must determine the purpose(s) clearly first and then notify the Data Subject of the purposes for which it intends to collect, use or disclose personal data.	e5b43f83-f2cb-49c2-a036-558c2336d5a7	2025-11-12 09:34:20.564046+00	2025-11-15 09:36:21.867474+00	draft	\N	5	e5b43f83-f2cb-49c2-a036-558c2336d5a7	lesson	\N	master
7a001c26-45dd-4fa5-a4b5-3e16992ae2d1	Check Twice - Accuracy Counts	The organisation must make reasonable effort to ensure the personal data in its possession or under its control is accurate and complete, especially if the personal data is likely to be used to make a decision that affects the individual or to be disclosed to another organisation.	e5b43f83-f2cb-49c2-a036-558c2336d5a7	2025-11-12 10:00:23.896713+00	2025-11-15 09:36:21.867474+00	draft	\N	5	\N	lesson	\N	master
5ec05932-5453-4698-ac3d-211f31f4af3c	Stay On Track - Purpose Only	The organisation is to only collect, use or disclose personal data for the purposes that it has stated, and for purposes that a reasonable Data Subject would consider appropriate. The organisation cannot compel a Data Subject to provide consent for collection, use of disclosure of his/her personal data to access the organisation's products and services.	e5b43f83-f2cb-49c2-a036-558c2336d5a7	2025-11-12 09:32:17.322908+00	2025-11-15 09:36:21.867474+00	draft	\N	5	e5b43f83-f2cb-49c2-a036-558c2336d5a7	lesson	\N	master
8501fccb-400b-465f-b677-2822cb58a06e	Cyber & Data Security Essentials - Overview	This lesson covers the fundamentals of cyber & data protection, covering the need for cyber security and data protection, how breaches occur and case studies.	56e2b62a-c393-4bcf-ae6d-1b8c4b0fa823	2025-11-03 02:59:58.247333+00	2025-11-15 09:36:21.867474+00	published	node_1762139574122	5	49a2e25a-8d73-4722-9440-eef9c9d4dc42	lesson	\N	master
a21b2fca-5229-4f76-9928-fcb597eabe05	Know the Difference - Personal Data vs Business Contact Information	Data Subjects (owners or suppliers of personal data) and Data Controllers (collectors, users or disclosers of personal data) are sometimes confused about personal data and business contact information (BCI). The PDPA distinguishes between the two terms and states clearly that the PDPA is applicable only to personal data.	e5b43f83-f2cb-49c2-a036-558c2336d5a7	2025-11-12 09:27:38.01772+00	2025-11-15 09:36:21.867474+00	draft	\N	5	\N	lesson	\N	master
0a03337d-abfb-42f4-8f53-b08438116785	Think Before You Ship - Transfer Safely	The organisation may transfer personal data to another country only according to the requirements in the PDPA, to ensure that standards of protection in the recipient country is comparable to the protection under the PDPA. An exemption may be given by the PDPC.	e5b43f83-f2cb-49c2-a036-558c2336d5a7	2025-11-12 10:19:37.946226+00	2025-11-15 09:36:21.867474+00	draft	\N	5	\N	lesson	\N	master
09641deb-c60c-4644-ad5f-974568d4adc1	Act Fast - Breach Notification	If there is a data breach, the organisation must take steps to assess if it is notifiable. If the data breach is likely to result in significant harm to Data Subjects and/or are of significant scale, the organisation is required to notify the PDPC and the affected Data Subject as soon as is practicable.	e5b43f83-f2cb-49c2-a036-558c2336d5a7	2025-11-12 10:25:23.562874+00	2025-11-15 09:36:21.867474+00	draft	\N	5	\N	lesson	\N	master
c93d1fcc-2dbe-4acd-91f2-6fa48ac97645	Own It - Accountability Starts With You	The organisation must implement measure to ensure it meets its obligations under the PDPA such as making information about your data protection policies, practices and complaints process available upon request and designating a data protection officer (DPO) and making the business contact information available to the public.	e5b43f83-f2cb-49c2-a036-558c2336d5a7	2025-11-12 10:28:24.423568+00	2025-11-15 09:36:21.867474+00	draft	\N	5	\N	lesson	\N	master
3db2e2a8-e414-4730-bef8-d23405d3b83c	Move It Right - Data Portability Explained	At the request of the Data Subject, the organisation is required to transmit the Data Subject's data that is in the organisation’s possession or under its control, to another organisation in a commonly used machine-readable format. 	e5b43f83-f2cb-49c2-a036-558c2336d5a7	2025-11-12 13:11:33.304741+00	2025-11-15 09:36:21.867474+00	draft	\N	5	\N	lesson	\N	master
bcee725b-ca0e-4ff1-8d9e-ac9b40b71471	Choose Wisely - Vendor Management	Assess all vendors using a structure methodology, risk score them where necessary and determine their suitability to meet the organisation's cybersecurity and data protection needs. The organisation, as a data controller, is also accountable for the vendor's lapses.	e5b43f83-f2cb-49c2-a036-558c2336d5a7	2025-11-12 13:16:12.590473+00	2025-11-15 09:36:21.867474+00	draft	\N	5	\N	lesson	\N	master
fb20af5f-bccd-42dd-8dd8-60a3df6302f3	Don't Call Me - Respect The DNC	The organisation is to ensure that it complies with Do Not Call (DNC) provisions before initiating marketing calls to potential customers	e5b43f83-f2cb-49c2-a036-558c2336d5a7	2025-11-12 13:18:16.08737+00	2025-11-15 09:36:21.867474+00	draft	\N	5	\N	lesson	\N	master
c49ade42-51ea-4a13-97bb-34fe61297bb7	Lock It Right - Passphrase Power	Learn how strong passphrases and multi-factor authentication (MFA) protect accounts from hackers. Learn how to determine if your chosen passphrase(s) are strong enough to resist hacking.	e5b43f83-f2cb-49c2-a036-558c2336d5a7	2025-11-12 13:20:00.753096+00	2025-11-15 09:36:21.867474+00	draft	\N	5	\N	lesson	\N	master
b7a6accb-772a-4140-951d-a6e79d15cd8e	Spot The Bait - Dont Get Hooked	Understanding phishing and social engineering tactics that trick users into giving away sensitive data. Don't become a victim.	e5b43f83-f2cb-49c2-a036-558c2336d5a7	2025-11-12 13:21:16.780701+00	2025-11-15 09:36:21.867474+00	draft	\N	5	\N	lesson	\N	master
cb769b3f-9317-47f1-b837-d9e1fe0a2f5e	Think Before You Click - Email & Messaging Safety	Learn and live safe practices for handling emails, attachments and chat messages, to mitigate risk of unauthorised data leakages.	e5b43f83-f2cb-49c2-a036-558c2336d5a7	2025-11-12 13:23:02.771848+00	2025-11-15 09:36:21.867474+00	draft	\N	5	\N	lesson	\N	master
d77a9ffd-4278-4bdf-b0fb-30b1139d981d	Patch It Up - Stay Secure	Learn why software updates and device security are critical to prevent the organisation's digital environment from being attacked.	e5b43f83-f2cb-49c2-a036-558c2336d5a7	2025-11-12 13:24:20.390532+00	2025-11-15 09:36:21.867474+00	draft	\N	5	\N	lesson	\N	master
7ee8827d-176a-4864-94e6-03baf88e8685	Speak Up Fast - Report Incidents Early	Know how and why to report security incidents promptly to prevent escalation.  Realise that speed saves systems and data.	e5b43f83-f2cb-49c2-a036-558c2336d5a7	2025-11-12 13:26:40.006941+00	2025-11-15 09:36:21.867474+00	draft	\N	5	\N	lesson	\N	master
5257dcb1-1fa5-4ce7-b9fe-106e5d3bdbf0	Guard The Gold - Protect Sensitive Data Always	Explore how to handle confidential data securely across devices and platforms. Encrypt, store safely, and avoid sharing sensitive data on unsecured channels.	e5b43f83-f2cb-49c2-a036-558c2336d5a7	2025-11-12 13:25:12.353272+00	2025-11-15 09:36:21.867474+00	draft	\N	5	e5b43f83-f2cb-49c2-a036-558c2336d5a7	lesson	\N	master
76244897-3d71-4d9a-9b00-fe2b1b95ffe3	S3 test		56e2b62a-c393-4bcf-ae6d-1b8c4b0fa823	2025-11-13 03:56:18.233926+00	2025-11-15 09:36:21.867474+00	draft	\N	5	\N	lesson	\N	master
\.


--
-- Data for Name: learning_track_lessons; Type: TABLE DATA; Schema: public; Owner: postgres
--

COPY public.learning_track_lessons (id, learning_track_id, lesson_id, order_index, created_at, owner) FROM stdin;
4bbeb9f3-dcf6-40d2-8293-468d8f4c649f	e10645b4-8b64-4e8c-b30a-d4c6036753d6	a1b2c3d4-e5f6-7890-abcd-ef1234567890	0	2025-08-10 00:04:53.624161+00	master
c15e6e53-b8cf-473b-9648-d81c8956093f	e10645b4-8b64-4e8c-b30a-d4c6036753d6	207c4b5f-11b3-40e9-b062-103d1dae1263	1	2025-08-10 00:04:53.624161+00	master
507239ad-9589-42df-af71-28ebed258c0a	e10645b4-8b64-4e8c-b30a-d4c6036753d6	09e15c67-cd0e-42cf-b68a-69541984f7b7	2	2025-08-10 00:04:53.624161+00	master
b05c9839-df15-4347-9cfc-cc7378f975a2	e10645b4-8b64-4e8c-b30a-d4c6036753d6	76255dc9-84b9-4d63-b725-eb72136128f9	3	2025-08-10 00:04:53.624161+00	master
056b1cf9-b15c-4e5a-aaa2-7c78e4c864d5	e10645b4-8b64-4e8c-b30a-d4c6036753d6	6e05305d-f774-4d57-bcb5-09be7800e062	4	2025-08-10 00:04:53.624161+00	master
1b185c5d-b0fa-452f-b662-ed7bfc79239c	e10645b4-8b64-4e8c-b30a-d4c6036753d6	e8258a38-0f83-4d7d-967e-de642737e1cb	5	2025-08-10 00:04:53.624161+00	master
92e4e97b-57ac-4225-b608-1aa4720fe3ce	e10645b4-8b64-4e8c-b30a-d4c6036753d6	ba58297d-d2cd-4f36-a80c-a0dcacb897de	6	2025-08-10 00:04:53.624161+00	master
5143c96e-851f-4052-9ff0-d50da1e42ff0	e10645b4-8b64-4e8c-b30a-d4c6036753d6	b9430ff6-c590-40a4-b620-ae26595b43be	7	2025-08-10 00:04:53.624161+00	master
fca43511-b501-4a0d-acad-b4a5976e6e60	0a8326a3-4239-4181-96fd-ac9b6c058964	76255dc9-84b9-4d63-b725-eb72136128f9	0	2025-09-01 08:19:14.005718+00	master
e7b051a4-d098-495d-a2e5-f94cddd99423	0a8326a3-4239-4181-96fd-ac9b6c058964	ba58297d-d2cd-4f36-a80c-a0dcacb897de	1	2025-09-01 08:19:14.005718+00	master
41c76207-901f-4d9b-848b-4f301babada5	bc0409a9-0c39-4850-9b26-d232bc07e309	ad4e3c99-975a-427a-b680-03b774ec4317	1	2025-09-10 12:07:05.597544+00	master
b56e3a49-ae23-4cbd-a9ef-dc022e94dbdd	7ebde950-2e8c-44cc-8c57-1973af05ec1e	fcbb989f-565d-4f87-8a65-a419ba7b69e1	0	2025-09-11 17:13:06.790932+00	master
532908dc-20d5-44d2-9002-4cf4449bf572	7ebde950-2e8c-44cc-8c57-1973af05ec1e	696f4cfb-488c-4638-b33f-3f55fb10a822	1	2025-09-11 17:13:06.790932+00	master
e7e9b946-024f-4b30-a5d0-22d0cbdab7bd	64da4445-eeb3-4cb7-9846-17a3038cb4c1	825f3ae6-d593-4e25-9926-61542bcd8cd6	0	2025-09-11 17:13:46.936717+00	master
6da26d1c-6fd5-4974-b011-eeecdc3da9c0	b4ab01ef-80ad-416d-86db-eb4c30007c28	4305695a-8ebb-4fe4-b79d-00389314cf20	1	2025-09-22 12:19:47.449333+00	master
2087edd0-9c6d-42f4-81dd-b9c5463db3d1	20183719-3998-4416-a54d-385cbe317c6e	a1b2c3d4-e5f6-7890-abcd-ef1234567890	0	2025-07-30 00:22:59.296731+00	master
19bbe810-4424-48e8-a09d-443d14c078ea	20183719-3998-4416-a54d-385cbe317c6e	71b8e53b-4c95-4d67-aacf-0434f833fc47	1	2025-07-30 00:22:59.296731+00	master
3713fa4a-3db6-4b8e-8a0f-c22044bf47ed	20183719-3998-4416-a54d-385cbe317c6e	207c4b5f-11b3-40e9-b062-103d1dae1263	3	2025-07-30 00:22:59.296731+00	master
3a45ac0a-06d8-4abd-8307-81c1d2776a37	20183719-3998-4416-a54d-385cbe317c6e	09e15c67-cd0e-42cf-b68a-69541984f7b7	4	2025-07-30 00:22:59.296731+00	master
4463537c-de5d-4d2b-8df2-75c27fd03ab8	20183719-3998-4416-a54d-385cbe317c6e	76255dc9-84b9-4d63-b725-eb72136128f9	5	2025-07-30 00:22:59.296731+00	master
45893c35-4c69-45e4-aaac-ecb12b6ec3b2	20183719-3998-4416-a54d-385cbe317c6e	6e05305d-f774-4d57-bcb5-09be7800e062	6	2025-07-30 00:22:59.296731+00	master
33ad8bf8-9ac3-4776-a580-6f22d90db4f6	20183719-3998-4416-a54d-385cbe317c6e	e8258a38-0f83-4d7d-967e-de642737e1cb	7	2025-07-30 00:22:59.296731+00	master
9ed13b2d-aa51-4ed5-8daf-2878f0ec1ed5	20183719-3998-4416-a54d-385cbe317c6e	ba58297d-d2cd-4f36-a80c-a0dcacb897de	8	2025-07-30 00:22:59.296731+00	master
88df33c1-2f64-4194-969d-e5d42167d12b	20183719-3998-4416-a54d-385cbe317c6e	b9430ff6-c590-40a4-b620-ae26595b43be	9	2025-07-30 00:22:59.296731+00	master
ae7c4e43-baab-4f90-a21b-80c41864ef51	4a774ea2-e0e4-4ffc-8cc1-bee0ba517316	fcbb989f-565d-4f87-8a65-a419ba7b69e1	0	2025-11-05 03:30:46.965722+00	master
8551d3ee-9672-474f-88c2-28eb7d20e676	4a774ea2-e0e4-4ffc-8cc1-bee0ba517316	459e9611-69ba-4b98-9d43-5fe25f56f85e	1	2025-11-05 03:30:46.965722+00	master
b9eba189-2bae-44e9-8d29-efaf39852412	4a774ea2-e0e4-4ffc-8cc1-bee0ba517316	57cde5ae-57f4-4a5d-a956-2368d7f851b8	2	2025-11-05 03:30:46.965722+00	master
d720593e-f3ac-4e72-b3cb-285afad7a3a1	4a774ea2-e0e4-4ffc-8cc1-bee0ba517316	825f3ae6-d593-4e25-9926-61542bcd8cd6	3	2025-11-05 03:30:46.965722+00	master
d0c4d21e-8cf2-46ad-a77c-c92971e9b777	92307715-7e21-456c-b6d3-2c2b40c7828e	8501fccb-400b-465f-b677-2822cb58a06e	0	2025-11-14 08:33:14.244792+00	master
85b1ec75-8dcb-452a-8072-86a9801a5007	92307715-7e21-456c-b6d3-2c2b40c7828e	4305695a-8ebb-4fe4-b79d-00389314cf20	1	2025-11-14 08:33:14.244792+00	master
5353d232-c90b-4390-953c-5d29a61dd875	92307715-7e21-456c-b6d3-2c2b40c7828e	76255dc9-84b9-4d63-b725-eb72136128f9	2	2025-11-14 08:33:14.244792+00	master
2ba5f4e9-a40b-4818-8779-401d337c2cba	fc72e06d-1c0c-416c-85ef-959aba7fa1b1	4305695a-8ebb-4fe4-b79d-00389314cf20	0	2025-11-15 09:59:45.463778+00	ACME
\.

--
-- Data for Name: lesson_nodes; Type: TABLE DATA; Schema: public; Owner: postgres
--

COPY public.lesson_nodes (id, lesson_id, type, content, media_type, media_url, media_alt, created_at, updated_at, position_x, position_y, next_node_id, allow_multiple, max_selections, min_selections, embedded_lesson_id, content_hash, owner) FROM stdin;
node_1763200615044	bb63ab08-b5bc-442a-8a0c-a4fa554f6ddf	prompt	Master lesson test	\N	\N	\N	2025-11-15 09:57:07.374637+00	2025-11-15 09:57:07.374637+00	221	384	\N	\N	\N	\N	\N	8a535eabfc20d06f44c1bdfd275038e61c9554168bcc7bb400dba4dd32b0b5d7	ACME
node_1756712513973	76255dc9-84b9-4d63-b725-eb72136128f9	prompt	Great. Now it's time to implement the 3 big ways to winning over your customers.	\N	\N	\N	2025-09-01 07:45:45.73008+00	2025-11-15 09:36:21.867474+00	-162	1898	\N	\N	\N	\N	\N	45ea726053290da02ac83d8f5520ef738fe86beed5d9dafd512e000352b52fa2	master
node_1757604689282	fcbb989f-565d-4f87-8a65-a419ba7b69e1	prompt	See you in the next lesson!	\N	\N	\N	2025-09-11 16:12:47.407706+00	2025-11-15 09:36:21.867474+00	204	3769	\N	\N	\N	\N	\N	91f9e395eceac1aa766782bad484cb086ef585971ed8898a4a8395785af34167	master
node_1756712976185	76255dc9-84b9-4d63-b725-eb72136128f9	prompt	New node content...	\N	\N	\N	2025-09-01 07:52:15.950404+00	2025-11-15 09:36:21.867474+00	286	1406	\N	\N	\N	\N	\N	b907b6eb77f775cd2e8a2478d495ccb95408541ead7340b1935633d8e431ba8f	master
node_1751488555592	71b8e53b-4c95-4d67-aacf-0434f833fc47	prompt	Start by taking note of the accounts you will change.	\N	\N	\N	2025-07-09 17:33:50.859+00	2025-11-15 09:36:21.867474+00	\N	\N	node_1751489016938	f	1	1	\N	322bd9b27d5e02efae93cc6cf4b3f6341ac4a235022dc64d1116d128cd536564	master
node_1756498120130	ba58297d-d2cd-4f36-a80c-a0dcacb897de	question	Not quite right. Note that although John used his full name which can identify him, he is using his full name as part of his work email address. The work email address is used for business purposes.  Let's try another question.	\N	\N	\N	2025-08-29 20:40:46.038278+00	2025-11-15 09:36:21.867474+00	946	1133	\N	f	1	1	\N	a33e92f6fd2a896b37eb6f32ab73469192ea71ebf7283222d1ee05b4e3f9a0ae	master
node_1757592107837	fcbb989f-565d-4f87-8a65-a419ba7b69e1	prompt	The Health Information Bill, or HIB, was introduced in Singapore for a few good reasons.	\N	\N	\N	2025-09-11 12:49:07.999585+00	2025-11-15 09:36:21.867474+00	-885	-380	node_1757592184477	\N	\N	\N	\N	d62241f6d7178f64af56e200a23d9df921cd66957db702f34dd8faca36e2e0fc	master
node_1754667499326	ad4e3c99-975a-427a-b680-03b774ec4317	prompt	Here are some best practices for creating passwords.	\N	\N	\N	2025-08-16 08:02:09.372+00	2025-11-15 09:36:21.867474+00	-378	-531	node_1757638744752	\N	\N	\N	\N	d2f0967808a2f314045286cae8046fbdab50a68a570b7b49df73647816cadfb0	master
node_1757610188634	825f3ae6-d593-4e25-9926-61542bcd8cd6	prompt	And with that - you now have the HIB cheat codes! 	\N	\N	\N	2025-09-11 17:04:26.865159+00	2025-11-15 09:36:21.867474+00	241	4059	node_1757610238519	\N	\N	\N	\N	34484ec02ba4a8cace92460ee32e9b65b5909a9736eefec992daf4865d1310d5	master
node_1756419487917	ba58297d-d2cd-4f36-a80c-a0dcacb897de	question	Sarah attended a business event. At the registration counter, she gave her business card. The business card had her personal mobile number. Is the personal mobile number considered personal data or Business Contact Information in this scenario?	\N	\N	\N	2025-08-28 22:25:50.497559+00	2025-11-15 09:36:21.867474+00	943	1319	\N	f	1	1	\N	6aa0b805ec58d180d72d4662d7ac2dc1a6de0a04a2e395584f02673111b61cef	master
node_1757593807679	fcbb989f-565d-4f87-8a65-a419ba7b69e1	prompt	Well, that's why Singapore introduced the Health Information Bill (HIB).\nThe HIB explains clearly what you must do to prevent data breach incidents.	\N	\N	\N	2025-09-11 12:49:07.999585+00	2025-11-15 09:36:21.867474+00	445	103	node_1757593982551	\N	\N	\N	\N	b00b76f5903244ffd1ae0626277aeecf798cd5e199836cf010dcd3510e8f3fb7	master
node_1757593982551	fcbb989f-565d-4f87-8a65-a419ba7b69e1	prompt	The HIB covers 3 main topics.	\N	\N	\N	2025-09-11 12:49:07.999585+00	2025-11-15 09:36:21.867474+00	445	320	node_1757607534353	\N	\N	\N	\N	408e3a6d3943508e8556677c91724fe563bb51b2de956b7038dfa9f979456eee	master
node_1756710896909	76255dc9-84b9-4d63-b725-eb72136128f9	question	Inform your staff that that personal data protection policies and operating guidelines must be read and followed.\nLet the staff know that it is every staff's responsibility to know what actions to take to protect the personal data that they are handling.\nMake every staff understand that they must attend regular training and awareness programmes.	\N	\N	\N	2025-09-01 07:23:57.284348+00	2025-11-15 09:36:21.867474+00	-135	1073	\N	f	1	1	\N	8e513ec086760d4fb084cfe8a15d561e9fb4cca39065501de6bdd808e6317d61	master
node_1757593481881	fcbb989f-565d-4f87-8a65-a419ba7b69e1	prompt	The organisation and you must prevent or stop data breach incidents from happening.\nAll employees have a important responsibility to protect the health information.	\N	\N	\N	2025-09-11 12:49:07.999585+00	2025-11-15 09:36:21.867474+00	260	28	node_1757593737145	\N	\N	\N	\N	bbb674f8c63ee0b34559057611e6eb529ff8f4f2a757a6498c8d9a4d8664f3ce	master
node_1751487779564	71b8e53b-4c95-4d67-aacf-0434f833fc47	prompt	Hi {{user_name}}! Glad to see you back again! 😀	\N	\N	\N	2025-07-09 17:33:50.859+00	2025-11-15 09:36:21.867474+00	\N	\N	node_1751487834582	f	1	1	\N	2c7cf43e982fd6fca878e707e1170c70eab5d143117a0ebf55226d089074dcbc	master
node_1751487834582	71b8e53b-4c95-4d67-aacf-0434f833fc47	question	Do you remember what the last lesson was about?	\N	\N	\N	2025-07-09 17:33:50.859+00	2025-11-15 09:36:21.867474+00	\N	\N	\N	f	1	1	\N	d9febf529d8e46fbd7b4f603d71a990d947fb0faabca1b924bbefbc970cb2620	master
node_1751488212661	71b8e53b-4c95-4d67-aacf-0434f833fc47	prompt	Got you! 🥳	\N	\N	\N	2025-07-09 17:33:50.859+00	2025-11-15 09:36:21.867474+00	\N	\N	node_1751488500220	f	1	1	\N	db3df5578028e572423740a5e0f8bd6e0e505b8fb067e033a14b7056219b6e31	master
node_1757594731445	fcbb989f-565d-4f87-8a65-a419ba7b69e1	prompt	I hope you now have a good understanding of HIB and the areas you must pay attention to.\nI will cover details on some of the areas that we mentioned in the upcoming lessons.	\N	\N	\N	2025-09-11 12:49:07.999585+00	2025-11-15 09:36:21.867474+00	571	1109	node_1757594858684	\N	\N	\N	\N	629ff6adbcfd6b4300f27e699fa1613caebfc209039b487065c65f2f4ab3281c	master
node_1757593990055	fcbb989f-565d-4f87-8a65-a419ba7b69e1	prompt	Second, the HIB explains what you must do to strengthen data security. This involves knowing and classifying your data properly, storing, transporting or disposing your data in a safe way, and implementing other important measures.	\N	\N	\N	2025-09-11 12:49:07.999585+00	2025-11-15 09:36:21.867474+00	250	769	node_1757594547205	\N	\N	\N	\N	29e26670655577413761dfa28f6c8d2356da1e659737688ab6dd8fbf37ed999d	master
node_1757593737145	fcbb989f-565d-4f87-8a65-a419ba7b69e1	question	Employees are the First Line of Defence in any organisation.\nDo you know what you must do, as a First Line Defender?	\N	\N	\N	2025-09-11 12:49:07.999585+00	2025-11-15 09:36:21.867474+00	428	-126	node_1757593807679	f	1	1	\N	ab2cf26e9a8d21e8ac2c722712761c2958dd78f47d37060abe33d44314bbed8a	master
node_1757594547205	fcbb989f-565d-4f87-8a65-a419ba7b69e1	prompt	Third, the HIB explains the measures to be implemented that will strengthen both cyber and data security. This includes knowing and managing your vendors and their systems in a more secure manner, being able to respond to data breach incidents quickly, and other important measures.	\N	\N	\N	2025-09-11 12:49:07.999585+00	2025-11-15 09:36:21.867474+00	702	8	node_1757594731445	\N	\N	\N	\N	adcaab5040fb8b398634682d90ae4cf02a3fa767c4fe2375ad35267cd3b6e118	master
node_1757593369408	fcbb989f-565d-4f87-8a65-a419ba7b69e1	prompt	The individual may also be badly affected. The bad people may use the stolen information to cause different kinds of harm to the individual. 	\N	\N	\N	2025-09-11 12:49:07.999585+00	2025-11-15 09:36:21.867474+00	-96	771	node_1757599108270	\N	\N	\N	\N	7acd9a0b97d09cf576747230261b3f270a9dc1e650f4fcbd07d6c2e9e8599113	master
node_1762931377906	3b34d10e-752a-47b2-a1e2-bd96272e75a8	prompt	Over $12,000 lost to scammers claiming to be from SP Group.	image	https://cleqfnrbiqpxpzxkatda.supabase.co/storage/v1/object/public/avatars/lesson-media/1762931435196-6p8abvz7cn.png		2025-11-12 07:10:04.542591+00	2025-11-15 09:36:21.867474+00	585	-361	node_1762931406631	\N	\N	\N	\N	c43375b3a756253b593b233d96248ada3a6f272c127646946a7d355d40653fb5	master
node_1762931570727	3b34d10e-752a-47b2-a1e2-bd96272e75a8	prompt	They were asked to click a link to get their refund, where they provided credit or debit card information. 	image	https://cleqfnrbiqpxpzxkatda.supabase.co/storage/v1/object/public/avatars/lesson-media/1762931659136-zc9qvxxec0h.png		2025-11-12 07:14:27.919027+00	2025-11-15 09:36:21.867474+00	569	81	node_1762931641302	\N	\N	\N	\N	8b7840f8f14b0c41028c59c72d12542d1770bb0ed9597d747e441b5452b775cc	master
node_1762931641302	3b34d10e-752a-47b2-a1e2-bd96272e75a8	prompt	Everyone invariably lost money. 😱 😱	\N	\N	\N	2025-11-12 07:14:27.919027+00	2025-11-15 09:36:21.867474+00	584	301	\N	\N	\N	\N	\N	d4290acc8acb268bb1bdedc77f4da8e88d53132c3ffa4ce15a0d7348f46342c9	master
node_1762931826501	0fd716c1-142d-41f6-addb-6c2c77051f9e	prompt	Scammers compromised school e-mail accounts. 	\N	\N	\N	2025-11-12 07:20:23.113079+00	2025-11-15 09:36:21.867474+00	301	131	node_1762931870512	\N	\N	\N	\N	335360bad20e4332ffbedab7fbd2a410bdf71fabfbae3f4628f844db096bf445	master
node_1757592980979	fcbb989f-565d-4f87-8a65-a419ba7b69e1	prompt	When such data breach incidents happen, it affects the organisation and the individual.\nThe organisation's operations may be slowed down or stopped and its reputation may be seriously damaged. 	\N	\N	\N	2025-09-11 12:49:07.999585+00	2025-11-15 09:36:21.867474+00	-1076	712	node_1757604891725	\N	\N	\N	\N	209e03093a5840bc1c029f11d8324448456227573df95b174d91def7f113c74f	master
node_1757592355444	fcbb989f-565d-4f87-8a65-a419ba7b69e1	prompt	But, there are also bad actors who want to steal health information because it is valuable to them.\n	\N	\N	\N	2025-09-11 12:49:07.999585+00	2025-11-15 09:36:21.867474+00	-940	397	node_1757604807083	\N	\N	\N	\N	37f6349c25b8fda145a438c859c41fab4097fd875bd49401ba103fdd24e77564	master
node_1757592184477	fcbb989f-565d-4f87-8a65-a419ba7b69e1	question	Everyone's Health Information is personal and sensitive information. \nIt needs to be shared across different healthcare providers.\n	\N	\N	\N	2025-09-11 12:49:07.999585+00	2025-11-15 09:36:21.867474+00	-884	-198	node_1757604035810	f	1	1	\N	60d2b9c7cca36567433d531889ca93200753ea93bc313d6f5c63fd2051bd921a	master
node_1757594858684	fcbb989f-565d-4f87-8a65-a419ba7b69e1	prompt	Let's work as a team to be an effective First Line of Defence for your organisation.	\N	\N	\N	2025-09-11 12:49:07.999585+00	2025-11-15 09:36:21.867474+00	575	1312	node_1757607665879	\N	\N	\N	\N	e12d9bcdd17e2ed37d71d6885dcc018299c129990106a4d5229aa2c00e3001fa	master
node_1757609431962	825f3ae6-d593-4e25-9926-61542bcd8cd6	prompt	Protect your passphrase!	image	https://ufvingocbzegpgjknzhm.supabase.co/storage/v1/object/public/avatars/lesson-media/1757609523085-f8gupogn8t.png		2025-09-11 17:04:26.865159+00	2025-11-15 09:36:21.867474+00	367	792	node_1757609537882	\N	\N	\N	\N	8f13dffafdccee798055868ea68f7d8576f8290270d9131c957f67b5c57a2c3b	master
node_1757609537882	825f3ae6-d593-4e25-9926-61542bcd8cd6	prompt	And not carry it with you!	image	https://ufvingocbzegpgjknzhm.supabase.co/storage/v1/object/public/avatars/lesson-media/1757609560148-2z2t0l8ri9f.png		2025-09-11 17:04:26.865159+00	2025-11-15 09:36:21.867474+00	355	1051	node_1757609589462	\N	\N	\N	\N	08c89e17b9b8c95b7b41a1855b8e241248f776c6a2a9abb9bc5d15c67f9e92e0	master
node_1757609589462	825f3ae6-d593-4e25-9926-61542bcd8cd6	prompt	Keep your desk clean! (what a mess!)	image	https://ufvingocbzegpgjknzhm.supabase.co/storage/v1/object/public/avatars/lesson-media/1757609625962-xhldkhbkcwo.png		2025-09-11 17:04:26.865159+00	2025-11-15 09:36:21.867474+00	364	1308	node_1757609669204	\N	\N	\N	\N	7e93f24ab1505293eda8ac88a321a9bde6601318dde1c495e05309f256a24ca0	master
node_1757609669204	825f3ae6-d593-4e25-9926-61542bcd8cd6	prompt	Don't leave your computer unattended!	image	https://ufvingocbzegpgjknzhm.supabase.co/storage/v1/object/public/avatars/lesson-media/1757609698039-k1g61ykrzz.png		2025-09-11 17:04:26.865159+00	2025-11-15 09:36:21.867474+00	334	1549	node_1757609712898	\N	\N	\N	\N	304c3360524cb2871a39f93bd6c63054e75b3d7430b0060255403fbe971ca1ef	master
node_1757609712898	825f3ae6-d593-4e25-9926-61542bcd8cd6	prompt	Keep my desk clean! (Now that's more like it!)	image	https://ufvingocbzegpgjknzhm.supabase.co/storage/v1/object/public/avatars/lesson-media/1757609765851-9swk2uswdu6.png		2025-09-11 17:04:26.865159+00	2025-11-15 09:36:21.867474+00	338	1821	node_1757609768876	\N	\N	\N	\N	606fd75690a1e283ec573ac1bee8d81b888c56023552b1c27227a15d1bc74404	master
node_1754668540039	ad4e3c99-975a-427a-b680-03b774ec4317	prompt	PASSPHRASE is a phrase containing at least 5 words; 12+ characters; comprising uppercase, lowercase, number, special character, & space	\N	\N	\N	2025-08-16 08:02:09.373+00	2025-11-15 09:36:21.867474+00	-57	2	node_1754668589676	\N	\N	\N	\N	5ad9a0d08783c8350e257654bb3e30059dc4eb44587efc00fbddc39ce4e7835c	master
node_1754668589676	ad4e3c99-975a-427a-b680-03b774ec4317	prompt	Longer is better	\N	\N	\N	2025-08-16 08:02:09.373+00	2025-11-15 09:36:21.867474+00	-6	248	node_1755277203802	\N	\N	\N	\N	fcf9e7bd310a04ca899b106849beabb9bc8360c84fe26e8e4ca0c8f0c6a22f30	master
node_1755277203802	ad4e3c99-975a-427a-b680-03b774ec4317	prompt	Use different passphrases for different accounts & change them often\n	\N	\N	\N	2025-08-16 08:02:09.373+00	2025-11-15 09:36:21.867474+00	62	421	node_1755277491520	\N	\N	\N	\N	b4ceef04fa48731555d1ed5af4ffc4e75b106bb86ede4ac4738d4e8aa1d6fc9e	master
node_1755277494990	ad4e3c99-975a-427a-b680-03b774ec4317	prompt	PASSPHRASE 👍 – a memorable series of 5 or more words, not necessarily grammatically correct, using 14+ upper case, lower case, number, special character, space\n\te.g. Black Sky And Green Water @6Dawn   [32 characters] 	\N	\N	\N	2025-08-16 08:02:09.373+00	2025-11-15 09:36:21.867474+00	147	900	node_1755277607191	\N	\N	\N	\N	c9a86574074582d1e5b51478bcbaab0fef889c610c919640a7b1bc62fc185d99	master
node_1755277607191	ad4e3c99-975a-427a-b680-03b774ec4317	prompt	Change your passphrase as soon as you suspect it has been compromised	\N	\N	\N	2025-08-16 08:02:09.373+00	2025-11-15 09:36:21.867474+00	154	1158	node_1755277634673	\N	\N	\N	\N	89a2fab6500099aafa8b2c6bf18b60384f13841357b89174c804d72e26919a19	master
node_1756919513906	4c67d4c0-6012-40c3-901b-3c570f5727f4	question	question	\N	\N	\N	2025-09-03 17:12:17.17583+00	2025-11-15 09:36:21.867474+00	455	127	\N	f	1	1	\N	1f5087db919ced5c123c7f507d3fcce818cb0cf6e77c2f95a8a35e951e03fdb9	master
node_1755277491520	ad4e3c99-975a-427a-b680-03b774ec4317	prompt	PASSWORD 👎 – using random series of 14+ upper case, lower case, number, special character, space\n\te.g. Il0veMyMama!   [12 characters]	\N	\N	\N	2025-08-16 08:02:09.373+00	2025-11-15 09:36:21.867474+00	151	670	node_1755277494990	\N	\N	\N	\N	ec3d9764254c21d583612c0537a3e583d573f95d0ba6f313d34c2dd33f33d69b	master
node_1756495948981	ba58297d-d2cd-4f36-a80c-a0dcacb897de	question	Absolutely. An NRIC number in Singapore is given to only one individual. Therefore, it is known as a Unique Identifier because it can be used to identify an individual directly. In this scenario, the NRIC is given only for a persoal purpose. Let's try another question.	\N	\N	\N	2025-08-29 19:38:21.471357+00	2025-11-15 09:36:21.867474+00	1112	619	node_1756497587479	f	1	1	\N	c80db06624d5b51bad346378b731702d103bdbaf248e077132e299d098edb1e5	master
node_1757604891725	fcbb989f-565d-4f87-8a65-a419ba7b69e1	question	Such incidents may result in investigations and financial penalty. 	\N	\N	\N	2025-09-11 16:12:47.407706+00	2025-11-15 09:36:21.867474+00	-987	976	node_1757593369408	f	1	1	\N	62bc6e098bcbaed855713af80685626f8bfb5fc070a268e0ebbeb943e8785bc5	master
node_1756711781383	76255dc9-84b9-4d63-b725-eb72136128f9	question	Appoint a Data Protection Officer (DPO) and register the PDO with the Personal Data Protection Commission (PDPC).\nMake the DPO business contact information available when someone requests for them.\nMake the personal data protection policies and practices available to our consumers.	\N	\N	\N	2025-09-01 07:34:20.353143+00	2025-11-15 09:36:21.867474+00	-47	1293	\N	f	1	1	\N	9d3f44ba3b7c120eb313c211742b63b9a76c04848eee6ae48ce237b6e317277e	master
node_1755277634673	ad4e3c99-975a-427a-b680-03b774ec4317	prompt	Augment passphrases with multi-factor authentication:\nbiometrics (fingerprint or facial recognition); and/or\nauthenticators (Authy, Google Authenticator, Microsoft Authenticator)\nSMS or email authentication (no smart phone / other reasons)\n	\N	\N	\N	2025-08-16 08:02:09.374+00	2025-11-15 09:36:21.867474+00	146	1412	node_1755277853186	\N	\N	\N	\N	7acf329c0f31b07b0f54e8750931d6fcbdc02e33c6d46cbec1f8da340d4f216d	master
node_1757595912791	696f4cfb-488c-4638-b33f-3f55fb10a822	prompt	Let's see what cyber security and data security hygiene practices that you must follow while doing your daily job tasks.	\N	\N	\N	2025-09-11 13:06:52.831939+00	2025-11-15 09:36:21.867474+00	-180	29	node_1757637401972	\N	\N	\N	\N	dec36e58698247514489b55c6a5b6f61ccb31b45ccdc7371e83f608ef8d223e6	master
node_1757604807083	fcbb989f-565d-4f87-8a65-a419ba7b69e1	prompt	Losing such health or other valuable information is known as a Data Breach Incident. More and more of such incidents are happening around the world and in Singapore. 	\N	\N	\N	2025-09-11 16:12:47.407706+00	2025-11-15 09:36:21.867474+00	-1100	430	node_1757592980979	\N	\N	\N	\N	c6fddf0136b21d98bf4f11855080b6ea1b88dde8f08eac3967857d4c9d830ede	master
node_1755277853186	ad4e3c99-975a-427a-b680-03b774ec4317	prompt	Remember! \nPassphrases great! 💪\nPasswords ok! 🙅	\N	\N	\N	2025-08-16 08:02:09.374+00	2025-11-15 09:36:21.867474+00	183	1669	\N	\N	\N	\N	\N	1baaf1f42e24dba355455f5bcec33d874aceedf09cdeea972154edd4383f56d4	master
node_1757595841713	696f4cfb-488c-4638-b33f-3f55fb10a822	prompt	Hi {{first_name}}! by now, you know why HIB is necessary, and the key areas that are covered in the HIB.	\N	\N	\N	2025-09-11 13:06:52.831939+00	2025-11-15 09:36:21.867474+00	-178	-160	node_1757595912791	\N	\N	\N	\N	8b104b5a6bcf594341bdefbbca3420eabedcaf21d732e3e11df1bc1b9da4e9dc	master
node_1754667511613	ad4e3c99-975a-427a-b680-03b774ec4317	prompt	Use passphrases - they are better. They are easier to remember and if done right, harder to crack!	\N	\N	\N	2025-08-16 08:02:09.373+00	2025-11-15 09:36:21.867474+00	225	-149	node_1754668540039	\N	\N	\N	\N	e1948c85e7043b0e0370878ec493de15a8f557c47aad6798fc06fcdd4bce99fe	master
node_1758361148242	4c67d4c0-6012-40c3-901b-3c570f5727f4	prompt	Come again soon!	\N	\N	\N	2025-09-20 09:39:25.390698+00	2025-11-15 09:36:21.867474+00	474	420	\N	\N	\N	\N	\N	2b209d6e0315fb22ed43f113be33c5d3e70e497764d4eb9e897a895e62281892	master
node_1751562532512	71b8e53b-4c95-4d67-aacf-0434f833fc47	prompt	Cool! See you at the next lesson!	\N	\N	\N	2025-07-09 17:33:50.86+00	2025-11-15 09:36:21.867474+00	\N	\N	\N	f	1	1	\N	1b7382940a3ab06f3c38a703c7dc0d473cfe5f016b91c055bf9b45af395d5509	master
node_1757609876618	825f3ae6-d593-4e25-9926-61542bcd8cd6	prompt	Ask permission! It's not your data!	image	https://ufvingocbzegpgjknzhm.supabase.co/storage/v1/object/public/avatars/lesson-media/1757609919657-h1ypn0ktcla.png		2025-09-11 17:04:26.865159+00	2025-11-15 09:36:21.867474+00	274	2620	node_1757609879872	\N	\N	\N	\N	f4fade66d5b87827ed5c145eceff6f51b7ac899d75ed65bb2176fedf9c7ebac0	master
node_1756415566659	ba58297d-d2cd-4f36-a80c-a0dcacb897de	question	But first, lets refresh what we covered in the previous lesson. Recall that the Personal Data Protection Act (PDPA) governs the collection, use and disclosure of personal data. \nIt recognises that the individual has a right to protect his or her personal data.\nIt also recognises that the organisation has a need to collect, use or disclose personal data. imposes obligations on the organisation. 	\N	\N	\N	2025-08-28 22:05:33.4577+00	2025-11-15 09:36:21.867474+00	434	-239	node_1756415807325	f	1	1	\N	c0c794ea1e49c26dc6e6d401206bd85acbd365a5bc296122abb476039edba1f6	master
node_1756586512109	e8258a38-0f83-4d7d-967e-de642737e1cb	question	Welcome to this lesson on the key obligations that the Personal Data Protection Act (PDPA) imposes on the organisation.\n\nThere are 11 obligations that the organisation must know about and implement to ensure tha the organisation complies with them.	\N	\N	\N	2025-08-31 07:04:19.563469+00	2025-11-15 09:36:21.867474+00	-188	-38	\N	f	1	1	\N	75ed5f83836eb6ff2613b62bb1e451b51c2de8c3dd3cf3c672c2fa05f4605a16	master
node_1756586706830	e8258a38-0f83-4d7d-967e-de642737e1cb	prompt	1. Accountability Obligation. \nThis obligation New node content...	\N	\N	\N	2025-08-31 07:04:19.563469+00	2025-11-15 09:36:21.867474+00	-394	176	\N	\N	\N	\N	\N	e6f3c68462b5f8fb757553bdd59caca2dfdfc6aab978dd49fa06ab0297d45ee6	master
node_1756623689668	e8258a38-0f83-4d7d-967e-de642737e1cb	prompt	New node content...	\N	\N	\N	2025-08-31 07:04:19.563469+00	2025-11-15 09:36:21.867474+00	-386	367	\N	\N	\N	\N	\N	b907b6eb77f775cd2e8a2478d495ccb95408541ead7340b1935633d8e431ba8f	master
node_1756712289058	76255dc9-84b9-4d63-b725-eb72136128f9	question	Inform your staff that that personal data protection policies and operating guidelines must be read and followed.\nLet the staff know that it is every staff's responsibility to know what actions to take to protect the personal data that they are handling.\nMake every staff understand that they must attend regular training and awareness programmes.	\N	\N	\N	2025-09-01 07:45:45.73008+00	2025-11-15 09:36:21.867474+00	-152	1498	\N	f	1	1	\N	8e513ec086760d4fb084cfe8a15d561e9fb4cca39065501de6bdd808e6317d61	master
node_1756712370979	76255dc9-84b9-4d63-b725-eb72136128f9	question	Can you remember what the 3 big ways you can show that our take personal data protection serious?	\N	\N	\N	2025-09-01 07:45:45.73008+00	2025-11-15 09:36:21.867474+00	-157	1696	\N	f	1	1	\N	5827d75f95fa2214b3f3f47f6b75a4bef48fecfe3ebc18b5eca4101aa2787879	master
node_1751488500220	71b8e53b-4c95-4d67-aacf-0434f833fc47	prompt	OK	\N	\N	\N	2025-07-09 17:33:50.859+00	2025-11-15 09:36:21.867474+00	\N	\N	node_1751562532512	f	1	1	\N	565339bc4d33d72817b583024112eb7f5cdf3e5eef0252d6ec1b9c9a94e12bb3	master
node_1757597870090	fcbb989f-565d-4f87-8a65-a419ba7b69e1	prompt	This chart shows that Scam & Cybercrime in Singapore has risen sharply from 2020 - 2024	image	https://ufvingocbzegpgjknzhm.supabase.co/storage/v1/object/public/avatars/lesson-media/1757598869292-r6cl8v8yqe8.png	Sharp rise in scams and cybercrime. $1.1bil lost.	2025-09-11 13:39:26.200827+00	2025-11-15 09:36:21.867474+00	-100	947	node_1757593481881	\N	\N	\N	\N	4ae9b46c2d30b3fcd7e464ac7b676f4881b83ac0d224e26dc152b1db57d01377	master
node_1757604035810	fcbb989f-565d-4f87-8a65-a419ba7b69e1	prompt	Yes! In Singapore, healthcare providers use the National Electronic Health Records computer system to hold and share health information.	\N	\N	\N	2025-09-11 16:12:47.407706+00	2025-11-15 09:36:21.867474+00	-1168	-37	node_1757592355444	\N	\N	\N	\N	ef316caf1d1360fc91c019a352af3a945dbe1108f1dc90991a3f28746ab5dfac	master
node_1757609768876	825f3ae6-d593-4e25-9926-61542bcd8cd6	prompt	Lock it down! 	image	https://ufvingocbzegpgjknzhm.supabase.co/storage/v1/object/public/avatars/lesson-media/1757609814834-ow41yvi3pkb.png		2025-09-11 17:04:26.865159+00	2025-11-15 09:36:21.867474+00	331	2098	node_1757609832971	\N	\N	\N	\N	eec3e28d996910c41165bd5b9708ebc43656490686eeff82f9acc4c5f1bc1cf4	master
node_1755401924746	2b6a20d5-06af-4296-a0e6-3f859f399ea7	prompt	Good morning {{user_name}}!	\N	\N	\N	2025-08-17 03:39:42.241144+00	2025-11-15 09:36:21.867474+00	420	75	node_1756908660357	\N	\N	\N	\N	94b968199dd85236dc0f60aa99335789e8f7623d49f7982846790c160655da05	master
node_1756920404364	2b6a20d5-06af-4296-a0e6-3f859f399ea7	prompt	back from the dead	\N	\N	\N	2025-09-03 17:27:04.718366+00	2025-11-15 09:36:21.867474+00	381	396	\N	\N	\N	\N	\N	388ad8e4c13dc707310e818c929368a3ba5c1adf28178a149b518c462de7b273	master
node_1757609832971	825f3ae6-d593-4e25-9926-61542bcd8cd6	prompt	Lock it away!	image	https://ufvingocbzegpgjknzhm.supabase.co/storage/v1/object/public/avatars/lesson-media/1757609853100-8fkki123h0y.png		2025-09-11 17:04:26.865159+00	2025-11-15 09:36:21.867474+00	306	2352	node_1757609876618	\N	\N	\N	\N	38be06df4223256c6f874095b6e2e74714213cd42a0a0f4a3437e6b9b4275428	master
node_1757609879872	825f3ae6-d593-4e25-9926-61542bcd8cd6	prompt	Don't share sensitive information with unauthorised people!	image	https://ufvingocbzegpgjknzhm.supabase.co/storage/v1/object/public/avatars/lesson-media/1757609971201-dqiq2xomg6n.png		2025-09-11 17:04:26.865159+00	2025-11-15 09:36:21.867474+00	295	2882	node_1757609996946	\N	\N	\N	\N	f31e972c258455dae78e3668dd45dec6afcecc5effd87e75d21447756473cd5d	master
node_1757609996946	825f3ae6-d593-4e25-9926-61542bcd8cd6	prompt	Keep personal data conversations for the office!	image	https://ufvingocbzegpgjknzhm.supabase.co/storage/v1/object/public/avatars/lesson-media/1757610051283-mec1y5ajpt.png		2025-09-11 17:04:26.865159+00	2025-11-15 09:36:21.867474+00	267	3181	node_1757610067359	\N	\N	\N	\N	56cccdede1215194505797bc91f0bc51a26d557813a5ef7613ba76e469e4c269	master
node_1757610067359	825f3ae6-d593-4e25-9926-61542bcd8cd6	prompt	Don't trash sensitive data...	image	https://ufvingocbzegpgjknzhm.supabase.co/storage/v1/object/public/avatars/lesson-media/1757610102776-woyl0iqgbro.png		2025-09-11 17:04:26.865159+00	2025-11-15 09:36:21.867474+00	310	3501	node_1757610137689	\N	\N	\N	\N	4deeb54ee8d513115590fd71f4b88cebb427d735b1e076ac5562e4cc96fc3636	master
node_1757610137689	825f3ae6-d593-4e25-9926-61542bcd8cd6	prompt	...Shred sensitive data!	image	https://ufvingocbzegpgjknzhm.supabase.co/storage/v1/object/public/avatars/lesson-media/1757610179656-2406sjnnm87.png		2025-09-11 17:04:26.865159+00	2025-11-15 09:36:21.867474+00	275	3758	node_1757610188634	\N	\N	\N	\N	0f1a2e9e04c2202eea435593216b82b128ab452f2989a85afd1efb7e3c94ae44	master
node_1754350416199	09e15c67-cd0e-42cf-b68a-69541984f7b7	prompt	Hi	\N	\N	\N	2025-08-04 23:40:58.563+00	2025-11-15 09:36:21.867474+00	518	-14	node_1754350428952	f	1	1	\N	3639efcd08abb273b1619e82e78c29a7df02c1051b1820e99fc395dcaa3326b8	master
node_1754350428952	09e15c67-cd0e-42cf-b68a-69541984f7b7	question	Ready to  go?	\N	\N	\N	2025-08-04 23:40:58.564+00	2025-11-15 09:36:21.867474+00	518	222	\N	f	1	1	\N	72ddb37d3a5b6d2bf77d32e9f7de645bafaf7a1f937a46ae6dcb5088094cff60	master
node_1756497587479	ba58297d-d2cd-4f36-a80c-a0dcacb897de	question	John uses his full name in his email address - john_tan_meng_how@evianwater.com. Is the full name in this scenario considered Personal Data or Business Contact Information?	\N	\N	\N	2025-08-29 20:06:20.131746+00	2025-11-15 09:36:21.867474+00	751	831	\N	f	1	1	\N	01bab3907839bac50e5563b8df56984b112521935d33fc8021d6b5ada53c06d1	master
node_1757599377572	fcbb989f-565d-4f87-8a65-a419ba7b69e1	question	Aren't you the clever one! But let's confirm  we are looking at the same data, shall we? \nHow much money do you think Singapore lost in 2024 to scams and cybercrime?	\N	\N	\N	2025-09-11 14:21:40.463754+00	2025-11-15 09:36:21.867474+00	-618	1251	\N	f	1	1	\N	ebd7d0d94a7aed9d757ca73f4aa980c3f02cf198c47ab64d3ef3b3ae4bd04a54	master
node_1757610238519	825f3ae6-d593-4e25-9926-61542bcd8cd6	prompt	See you in the next lesson my HIB Champion!	\N	\N	\N	2025-09-11 17:04:26.865159+00	2025-11-15 09:36:21.867474+00	233	4263	\N	\N	\N	\N	\N	4bdbf6256a848b5e2d96036fba38ad9217a03343cf07b489c99f28d67a230a02	master
node_1756625381826	76255dc9-84b9-4d63-b725-eb72136128f9	question	Welcome to this lesson on Accountability. In this lesson, we will explain some of the key activities that you must do as an organisation, and as an individual. This will help you protect the personal data you handle for your own business operations, or on behalf of another organisation's business operations.	\N	\N	\N	2025-08-31 07:37:03.114234+00	2025-11-15 09:36:21.867474+00	112	-201	\N	f	1	1	\N	4cbe2bf898f6a83bc0c2f853aa7d402d8b38d8983e7d4a2ea9d59228e47b60a4	master
node_1756497241525	ba58297d-d2cd-4f36-a80c-a0dcacb897de	question	That is not quite correct. Remember, Personal Data is any data that can be used to identify a person directly. You cannot find 2 or more individuals with the same NRIC number. The NRIC number is therefore called a Unique Identifier, and can be used to identify an individual directly or indirectly. Let's try another question.	\N	\N	\N	2025-08-29 20:06:20.131746+00	2025-11-15 09:36:21.867474+00	1456	616	node_1756498582229	f	1	1	\N	b4b6af370b160d4834a54e6ec379d6b556ac8609cc1ececb92d4830138d9b9b2	master
node_1756625610509	76255dc9-84b9-4d63-b725-eb72136128f9	question	Everyday, a lot of personal data is being generated as your business operations and consumers go online. \nConsumers will be concerned how your organisation will use and manage their personal data. Naturally, consumers are more likely to do business with your organisation if they see that you take your personal data protection responsibilities seriously..	\N	\N	\N	2025-08-31 07:37:03.114234+00	2025-11-15 09:36:21.867474+00	108	-27	\N	f	1	1	\N	30924b0cf1af71e6ee0b5369466a65e2e35a427467f76cc9621f01a5a9a3855c	master
node_1756712874821	76255dc9-84b9-4d63-b725-eb72136128f9	question	You must develop and implement approved personal data protection policies, and operating guidelines.\nYour organisation must show that personal data is properly managed and protected.\nYour organisation should have monitoring mechanisms and controls to ensure that policies and processes are effectively implemented	\N	\N	\N	2025-09-01 07:52:15.950404+00	2025-11-15 09:36:21.867474+00	183	1069	\N	f	1	1	\N	1d4b2a39fde4e03193c69761b24c30c2bd3dc7c4c1361988f4fb8bd1e5ba7dcb	master
node_1751488246160	71b8e53b-4c95-4d67-aacf-0434f833fc47	prompt	Excellent! Well done mate! 🥳	\N	\N	\N	2025-07-09 17:33:50.859+00	2025-11-15 09:36:21.867474+00	\N	\N	node_1751488500220	f	1	1	\N	adcad4870246b892758ff0a9e4c392c3a706abecc735500d00cc11f37419da6f	master
node_1756712910054	76255dc9-84b9-4d63-b725-eb72136128f9	prompt	Appoint a Data Protection Officer (DPO) and register the PDO with the Personal Data Protection Commission (PDPC).\nMake the DPO business contact information available when someone requests for them.\nMake the personal data protection policies and practices available to our consumers.	\N	\N	\N	2025-09-01 07:52:15.950404+00	2025-11-15 09:36:21.867474+00	214	1231	\N	\N	\N	\N	\N	9d3f44ba3b7c120eb313c211742b63b9a76c04848eee6ae48ce237b6e317277e	master
node_1757599108270	fcbb989f-565d-4f87-8a65-a419ba7b69e1	question	Do you know what is the cybercrime situation in Singapore?.	\N	\N	\N	2025-09-11 14:21:40.463754+00	2025-11-15 09:36:21.867474+00	-503	865	\N	f	1	1	\N	2c7f6b5bcb4c706eac9c72f0b80bc013e71dbc534cfe958d60e88f329869e143	master
node_1757599976082	fcbb989f-565d-4f87-8a65-a419ba7b69e1	prompt	Oops... I am afraid that is not quite correct. Let's see the chart.	\N	\N	\N	2025-09-11 14:21:40.463754+00	2025-11-15 09:36:21.867474+00	117	1247	node_1757597870090	\N	\N	\N	\N	2a66437ed10fed406db2b1b8f14bdd576f0c97c6c8ed707a5686b0263d08b578	master
node_1757600279809	fcbb989f-565d-4f87-8a65-a419ba7b69e1	prompt	👍 Cool. You have seen the same chart that we have seen.	\N	\N	\N	2025-09-11 14:21:40.463754+00	2025-11-15 09:36:21.867474+00	153	1429	node_1757597870090	\N	\N	\N	\N	49d13522977e36726b45ee55e1804d811f3f7c0f4dbaa7c6837ef0a5d301cabe	master
node_1757607534353	fcbb989f-565d-4f87-8a65-a419ba7b69e1	prompt	First, it explains what you need to do to strengthen cyber security. \nThis involves areas such as protecting your computer systems, using authorised software, having proper access controls, and other important measures.	\N	\N	\N	2025-09-11 16:19:42.81484+00	2025-11-15 09:36:21.867474+00	532	490	node_1757593990055	\N	\N	\N	\N	a5d06a29de4e4e5cb3a1a94f3d0e44ffae0d1b799e7e6dc788a68f39855fe57b	master
node_1757640174939	eccf0a0c-fb9e-47af-a9f8-2a0adeb9bd32	lesson	Let's start with managing your passwords.	\N	\N	\N	2025-09-12 01:27:02.092757+00	2025-11-15 09:36:21.867474+00	-291	142	node_1757640238866	\N	\N	\N	ad4e3c99-975a-427a-b680-03b774ec4317	f47c0d68ef6cc9c63c8ced4991f922ad9c8526f6c4e820c17c94b1c833c44ff0	master
node_1757640238866	eccf0a0c-fb9e-47af-a9f8-2a0adeb9bd32	prompt	Ok. While passwords are good, Cyber Security Agency (CSA) recommends using passphrases. I hope that is clear...	\N	\N	\N	2025-09-12 01:27:02.092757+00	2025-11-15 09:36:21.867474+00	-227	330	node_1757640306739	\N	\N	\N	\N	d3995ad474b6ecf694140bdbe9d12a270fceafa0b624e1ab59814dbe685d3e15	master
node_1757640044013	eccf0a0c-fb9e-47af-a9f8-2a0adeb9bd32	prompt	Hi {{first_name}}! By now, you know why HIB is necessary, and the key areas that are covered in the HIB.	\N	\N	\N	2025-09-12 01:27:02.092757+00	2025-11-15 09:36:21.867474+00	-157	-199	node_1757640104811	\N	\N	\N	\N	5b8197ec7cde7dedc4a4e39e7ee7d3bd359b0db5b121b61855d1ae8beb5c37b9	master
node_1757640104811	eccf0a0c-fb9e-47af-a9f8-2a0adeb9bd32	prompt	Let's see the cyber security and data security hygiene practices that you must follow while doing your daily job tasks.	\N	\N	\N	2025-09-12 01:27:02.092757+00	2025-11-15 09:36:21.867474+00	-190	-34	node_1757640174939	\N	\N	\N	\N	02613cab853000177b08d424a34b3225418c410abf3f108e1b93cf3631ca8026	master
node_1757637935858	825f3ae6-d593-4e25-9926-61542bcd8cd6	question	Certainly. Give it a shot. You will learn a few things your organisation expects you to do.	\N	\N	\N	2025-09-12 00:48:38.807509+00	2025-11-15 09:36:21.867474+00	639	434	\N	f	1	1	\N	9e9d4e55d9a3bcbec7317b889acf74c7da14152c30c52b8f22716611af7acdc2	master
node_1756415907295	ba58297d-d2cd-4f36-a80c-a0dcacb897de	question	Let's continue with today's lesson.\nThere are 2 types of Data that an individual or organisation generally handles. \nFirst - personal data is any data that can identify an individual (remember what an individual is?). Such personal data is used ONLY for personal purposes.	\N	\N	\N	2025-08-28 22:05:33.4577+00	2025-11-15 09:36:21.867474+00	434	37	node_1756416668398	f	1	1	\N	ea277f7f15fa951aeb67d0d3c4d25612e39ba44caf8f59366d1ab2d113acd781	master
node_1756625838466	76255dc9-84b9-4d63-b725-eb72136128f9	question	To win over customers in your industry, a first important action is to take an accountability-based approach in managing customers' personal data. 	\N	\N	\N	2025-08-31 07:39:38.276027+00	2025-11-15 09:36:21.867474+00	107	139	\N	f	1	1	\N	7a8e070265d1469a68a60844508ab44e02b62f79609bd381b98e52deb40927a7	master
node_1756415807325	ba58297d-d2cd-4f36-a80c-a0dcacb897de	question	We also clarified that an individual refers to a natural personal, living or dead.  \nAn organisation includes any individual, company, association or body of persons formed or recognised under the law of Singapore, and is resident, or having an office or a place of business in Singapore.	\N	\N	\N	2025-08-28 22:05:33.4577+00	2025-11-15 09:36:21.867474+00	868	-107	node_1756415907295	f	1	1	\N	9b42e316d021efc098fdfe901ca652d82e793963e34f2771a20aeca14f8b756e	master
node_1756415301542	ba58297d-d2cd-4f36-a80c-a0dcacb897de	question	Hi, In this lesson, we will learn more about what the Personal Data Protection Act (PDPA) wants us to know about Personal Data.	\N	\N	\N	2025-08-28 22:05:33.4577+00	2025-11-15 09:36:21.867474+00	861	-398	node_1756415566659	f	1	1	\N	7bf9fda41d8bc7534cb1c78fc60af9bd9367035a0b784e3899d6c1df99846d74	master
node_1756416526369	ba58297d-d2cd-4f36-a80c-a0dcacb897de	question	Second, there is data that is called Business Contact Information or BCI. BCI may be used for personal AND / OR business purposes. The purpose is the main difference between data that is considered personal data and data that is considered BCI.	\N	\N	\N	2025-08-28 22:05:33.4577+00	2025-11-15 09:36:21.867474+00	866	450	node_1756416960821	f	1	1	\N	6d255042cb5bb45d7fe40b708245571e5796c6208a99c819b2fe4127f6050e50	master
node_1758345430996	4305695a-8ebb-4fe4-b79d-00389314cf20	question	You should review the password policy. 	\N	\N	\N	2025-09-20 05:18:25.325383+00	2025-11-15 09:36:21.867474+00	349	357	\N	f	1	1	\N	241885987c790f839122aabf8e948542a51a366a29ae16c0eb2b21b0d3b8ee49	master
node_1756416668398	ba58297d-d2cd-4f36-a80c-a0dcacb897de	question	Personal data is data that allows you to identify an individual directly using data such as Full Name, NRIC, Passport Number, Mobile Number, Photo or Video image of an individual, Thumbprint, DNA, Bank Account or Credit Card statements, etc.\nPersonal data is also data that can identify an individual using the above data and other data.\nSuch other data may include health information, gender, age, property address, occupation, etc.	\N	\N	\N	2025-08-28 22:05:33.4577+00	2025-11-15 09:36:21.867474+00	864	130	node_1756416813128	f	1	1	\N	7569545d3158ae20ba31e3c192c8712ea70274dd62b62643ae3fd45876c251ef	master
node_1757607665879	fcbb989f-565d-4f87-8a65-a419ba7b69e1	prompt	Remember! you are the first line of defense!	\N	\N	\N	2025-09-11 16:21:13.960276+00	2025-11-15 09:36:21.867474+00	606	1572	node_1757607698138	\N	\N	\N	\N	d2aa3655473239fd71d26cb7aba1f0960ce2e7ac3a3053c1e78320bdaf41c260	master
node_1757639016271	ad4e3c99-975a-427a-b680-03b774ec4317	question	Good for you. But you may need to remember a few long passwords for different accounts. Then what will you do?.	\N	\N	\N	2025-09-12 01:06:23.65+00	2025-11-15 09:36:21.867474+00	-348	-140	\N	f	1	1	\N	614f0e6c9a2a4bf421cffa7f27e173ea5d38a6361e921f518798f23b5bf08aab	master
node_1751487870633	71b8e53b-4c95-4d67-aacf-0434f833fc47	prompt	2FA, MFA - that's right!💃	\N	\N	\N	2025-07-09 17:33:50.859+00	2025-11-15 09:36:21.867474+00	\N	\N	node_1751487924665	f	1	1	\N	7cde66fd2ea5f6ea3ef734a1fdff4a60ef67baaca574d51fac69b7579c9da940	master
node_1751487909702	71b8e53b-4c95-4d67-aacf-0434f833fc47	question	It was about Multi- Factor, or 2- Factor authentication,\nremember? 🧐	image	https://ufvingocbzegpgjknzhm.supabase.co/storage/v1/object/public/avatars/lesson-media/1751571093529-olxsfwqnj39.png		2025-07-09 17:33:50.859+00	2025-11-15 09:36:21.867474+00	\N	\N	\N	f	1	1	\N	1acc0a27ceec2d2dd2126be94287aa38c22459353fedefbb7bda387674ac43d9	master
node_1751487924665	71b8e53b-4c95-4d67-aacf-0434f833fc47	prompt	The extra little step to make sure your account is much, much safer!	\N	\N	\N	2025-07-09 17:33:50.859+00	2025-11-15 09:36:21.867474+00	\N	\N	node_1751488074223	f	1	1	\N	cb772c5602a9e94a716190ab2c62537c9e55e1d5d3f7f0cd52d488eece294dd6	master
node_1751488074223	71b8e53b-4c95-4d67-aacf-0434f833fc47	question	Did you change any security settings on any accounts following that episode?	\N	\N	\N	2025-07-09 17:33:50.859+00	2025-11-15 09:36:21.867474+00	\N	\N	\N	f	1	1	\N	8f0a61f20afc2b56120593004ce8969df3c168b4d5374b17e92a1de6c6350bbe	master
node_1751488180867	71b8e53b-4c95-4d67-aacf-0434f833fc47	question	Great! want a tip to help you actually do it?	\N	\N	\N	2025-07-09 17:33:50.859+00	2025-11-15 09:36:21.867474+00	\N	\N	\N	f	1	1	\N	66280f0a92dd40d99173e01b8e5d64eb163ce0bee275a7567b32736074152af5	master
node_1751489016938	71b8e53b-4c95-4d67-aacf-0434f833fc47	prompt	And when you plan to change them.	\N	\N	\N	2025-07-09 17:33:50.859+00	2025-11-15 09:36:21.867474+00	\N	\N	node_1751560762312	f	1	1	\N	a0a9a552e7540207d977aea5f2db6b118755d91d89784aab124e93157aace7e6	master
node_1751560762312	71b8e53b-4c95-4d67-aacf-0434f833fc47	prompt	This psychological trick makes it much more likely that you'll do something, since you've already PLANNED it in your mind.	\N	\N	\N	2025-07-09 17:33:50.859+00	2025-11-15 09:36:21.867474+00	\N	\N	node_1751488500220	f	1	1	\N	21770e7fdcc45f6a61024365385584f41db2602aa0fb72400451c1ee32739388	master
node_1754350490300	09e15c67-cd0e-42cf-b68a-69541984f7b7	prompt	Cool. See ya	image	https://ufvingocbzegpgjknzhm.supabase.co/storage/v1/object/public/avatars/lesson-media/1754350852517-4f176hf6svs.png		2025-08-04 23:40:58.564+00	2025-11-15 09:36:21.867474+00	290	388	\N	f	1	1	\N	82bcfb0a57c3e59797e5ad587dbc5b2e1dd4142985bb87ed1c79438f9045f71f	master
node_1754350509963	09e15c67-cd0e-42cf-b68a-69541984f7b7	prompt	So sad.	\N	\N	\N	2025-08-04 23:40:58.564+00	2025-11-15 09:36:21.867474+00	736	390	node_1754350428952	f	1	1	\N	643bb936eb1958938a6b8b8e37cf2b1389b9583d1249d6ba7eb67dbe4052f342	master
node_1757607698138	fcbb989f-565d-4f87-8a65-a419ba7b69e1	prompt	Protect your systems by using authorised software and having the right controls!	\N	\N	\N	2025-09-11 16:26:20.945544+00	2025-11-15 09:36:21.867474+00	647	1769	node_1757607789141	\N	\N	\N	\N	68a9fe2cf8650b25070bd9aa001847f48b176f7504d5ecbc728787a0a1f33151	master
node_1756643574131	76255dc9-84b9-4d63-b725-eb72136128f9	question	This will help to strengthen trust with your customers, enhance business competitiveness and provide greater assurance to your customers.	\N	\N	\N	2025-08-31 12:35:19.754812+00	2025-11-15 09:36:21.867474+00	106	312	\N	f	1	1	\N	b23a00cf6eccb0d83acf2a609c84fc6a5239eda519f7099366230f9e1ffdb217	master
node_1757607789141	fcbb989f-565d-4f87-8a65-a419ba7b69e1	prompt	Store, transport and destroy your data in a safe way.	\N	\N	\N	2025-09-11 16:26:20.945544+00	2025-11-15 09:36:21.867474+00	825	2001	node_1757607848645	\N	\N	\N	\N	8c53cbe57b03bc72d263a508f2b4e72a7c0989fff5d4b224783545458ff4878d	master
node_1757607848645	fcbb989f-565d-4f87-8a65-a419ba7b69e1	prompt	Know your vendors and make sure their systems are secure!	\N	\N	\N	2025-09-11 16:26:20.945544+00	2025-11-15 09:36:21.867474+00	1087	2151	node_1757607944811	\N	\N	\N	\N	ff2366e26e33fa214b3e8f5222b8994565524158fad228cc3810ff9d8bedd9a4	master
node_1757607944811	fcbb989f-565d-4f87-8a65-a419ba7b69e1	prompt	And know what to do if there is a breach incident!	\N	\N	\N	2025-09-11 16:26:20.945544+00	2025-11-15 09:36:21.867474+00	719	2309	node_1757604689282	\N	\N	\N	\N	e2af4980f7bb69b4ceee0e273fd0a3595ce4730c548568a315886632df7b1528	master
node_1757609331589	825f3ae6-d593-4e25-9926-61542bcd8cd6	prompt	Know your policies & procedures. 	image	https://ufvingocbzegpgjknzhm.supabase.co/storage/v1/object/public/avatars/lesson-media/1757610494933-2so1zsoqdq5.png		2025-09-11 17:04:26.865159+00	2025-11-15 09:36:21.867474+00	354	543	node_1757609431962	\N	\N	\N	\N	32f27d4e3b2432bf55577e40dbc20548e81238ede36425f2b4f391c02ee6c85c	master
node_1757640306739	eccf0a0c-fb9e-47af-a9f8-2a0adeb9bd32	prompt	See you in the next one! In the meantime, go forth and create some great passphrases. 😃	\N	\N	\N	2025-09-12 01:27:02.092757+00	2025-11-15 09:36:21.867474+00	-172	520	\N	\N	\N	\N	\N	f6368cb50df9a330c82d0fbdbbd3b3b921b21493e055717a05a660f2039ad669	master
node_1756644378915	76255dc9-84b9-4d63-b725-eb72136128f9	question	Let's see the 3 big ways you show that you take personal data protection seriously	\N	\N	\N	2025-08-31 12:52:06.712048+00	2025-11-15 09:36:21.867474+00	103	477	\N	f	1	1	\N	4f1cf6612443c32726b07307a6e07f159e0e738785c07b11c6cc1f9a0305532c	master
node_1756644450027	76255dc9-84b9-4d63-b725-eb72136128f9	question	You must develop and implement approved personal data protection policies, and operating guidelines.\nYour organisation must show that personal data is properly managed and protected.\nYour organisation should have monitoring mechanisms and controls to ensure that policies and processes are effectively implemented	\N	\N	\N	2025-08-31 12:52:06.712048+00	2025-11-15 09:36:21.867474+00	-112	683	\N	f	1	1	\N	1d4b2a39fde4e03193c69761b24c30c2bd3dc7c4c1361988f4fb8bd1e5ba7dcb	master
node_1756908660357	2b6a20d5-06af-4296-a0e6-3f859f399ea7	lesson	iso name: {{iso_name}}\niso email: {{iso_email}}\n	\N	\N	\N	2025-09-03 14:12:10.245313+00	2025-11-15 09:36:21.867474+00	314	224	node_1756920404364	\N	\N	\N	4c67d4c0-6012-40c3-901b-3c570f5727f4	c0cb59591e5e21a4409940890b20b6a4efd9e484c809471ada6d1bcbb390fa01	master
node_1757609183518	825f3ae6-d593-4e25-9926-61542bcd8cd6	prompt	I hear you like playing games. I've created some cheat codes, like for your games, but this is for HIB Data Protection! (I know - boring!)	\N	\N	\N	2025-09-11 17:04:26.865159+00	2025-11-15 09:36:21.867474+00	395	139	node_1757609258896	\N	\N	\N	\N	bb5dec79d2ef57653935f2fa4a3d158c92ae0d7c727f56f45eaf7edc758c8b82	master
node_1754256700672	207c4b5f-11b3-40e9-b062-103d1dae1263	prompt	Hello!	\N	\N	\N	2025-08-03 21:32:42.954+00	2025-11-15 09:36:21.867474+00	484	79	node_1754256715391	f	1	1	\N	334d016f755cd6dc58c53a86e183882f8ec14f52fb05345887c8a5edd42c87b7	master
node_1754256715391	207c4b5f-11b3-40e9-b062-103d1dae1263	question	are you ready>>>>>>>>	\N	\N	\N	2025-08-03 21:32:42.954+00	2025-11-15 09:36:21.867474+00	484	197	\N	f	1	1	\N	bcafc7c097b0d7faf2373d04f34e1c33f1a3f6cb49523776bcd9f59a7f431968	master
node_1757609258896	825f3ae6-d593-4e25-9926-61542bcd8cd6	question	But sometimes boring can be fun. And interesting!  \nAre you ready?	\N	\N	\N	2025-09-11 17:04:26.865159+00	2025-11-15 09:36:21.867474+00	367	351	\N	f	1	1	\N	f39475f0e42be53462cbf710c6ab19f94c19efac9375e94205c5cbe1b59ff804	master
node_1758345419620	4305695a-8ebb-4fe4-b79d-00389314cf20	question	Awesome! 🏆\n\nWhich of the following is your company policy?	\N	\N	\N	2025-09-20 05:18:25.325383+00	2025-11-15 09:36:21.867474+00	132	101	\N	t	5	1	\N	7d72c752ec2810d00fc29d07738f72b1e650ba397d053afdc40cd431c8812601	master
node_1756709691083	76255dc9-84b9-4d63-b725-eb72136128f9	prompt	Appoint a Data Protection Officer (DPO) and register the PDO with the Personal Data Protection Commission (PDPC).\nMake the DPO business contact information available when someone requests for them.\nMake the personal data protection policies and practices available to our consumers.	\N	\N	\N	2025-09-01 07:02:37.05628+00	2025-11-15 09:36:21.867474+00	548	657	\N	\N	\N	\N	\N	9d3f44ba3b7c120eb313c211742b63b9a76c04848eee6ae48ce237b6e317277e	master
node_1757637546014	696f4cfb-488c-4638-b33f-3f55fb10a822	prompt	See you in the next one! In the meantime, go forth and create some great passphrases.🫡	\N	\N	\N	2025-09-12 00:40:06.819565+00	2025-11-15 09:36:21.867474+00	-57	692	\N	\N	\N	\N	\N	e25d5676a42610306ec160040777e16d3ed1ea0628a84a9d63ed8fbb8df471ff	master
node_1756708940196	76255dc9-84b9-4d63-b725-eb72136128f9	question	Inform your staff that that personal data protection policies and operating guidelines must be read and followed.\nLet the staff know that it is every staff's responsibility to know what actions to take to protect the personal data that they are handling.\nMake every staff understand that they must attend regular training and awareness programmes.	\N	\N	\N	2025-09-01 07:02:37.05628+00	2025-11-15 09:36:21.867474+00	140	882	\N	f	1	1	\N	8e513ec086760d4fb084cfe8a15d561e9fb4cca39065501de6bdd808e6317d61	master
node_1756416813128	ba58297d-d2cd-4f36-a80c-a0dcacb897de	question	Interestingly Personal Data may include data that may be true or untrue, and may include data which an organisation may not hold, but is likely to get access to.	\N	\N	\N	2025-08-28 22:05:33.4577+00	2025-11-15 09:36:21.867474+00	430	335	node_1756416526369	f	1	1	\N	eb8cd823b44dae3a7634497c413a5bf7793c3f3f6b19d8aeaade82950b2bc461	master
node_1756416960821	ba58297d-d2cd-4f36-a80c-a0dcacb897de	question	Let's consider a few examples. \nA face photo on a business card - though the face photo can identify the individual, since it is on a business card which is used for a business purpose, that face photo is considered BCI.\nLet's consider another example - a full name that is used in a work email address such as: gerard_jude_joseph@singtel.com is considered BCI.	\N	\N	\N	2025-08-28 22:05:33.4577+00	2025-11-15 09:36:21.867474+00	426	619	node_1756418027614	f	1	1	\N	c2c9b0189ae0e4c2836c7c8d99e2ed27687ea81040187d0daf4c1eb830f171e2	master
node_1757638744752	ad4e3c99-975a-427a-b680-03b774ec4317	question	The longer the password, the better it is. But do you have problems remembering long passwords?	\N	\N	\N	2025-09-12 01:06:23.65+00	2025-11-15 09:36:21.867474+00	-245	-367	\N	f	1	1	\N	be4ac38794ba4fb3fb5c082afcd2612adbb801cc4c7f4d50cbbd846315e25daf	master
node_1756498378816	ba58297d-d2cd-4f36-a80c-a0dcacb897de	question	You are correct. \nWell done. You have understood what is personal data and what is Business Contact Information. It is very important that you remember how to identify personal data.\nYou are ready for the next lesson. \nSee you at the next lesson.	\N	\N	\N	2025-08-29 20:40:46.038278+00	2025-11-15 09:36:21.867474+00	562	1906	\N	f	1	1	\N	d205301ba3f683a356bdb3b945d6d140e29f6ef17334858e12aa46dab18cb25b	master
node_1756498582229	ba58297d-d2cd-4f36-a80c-a0dcacb897de	question	John' personal mobile number is +65 91112345, and is used for his personal purposes. Is the phone number considered Personal Data or Business Contact Information?	\N	\N	\N	2025-08-29 20:40:46.038278+00	2025-11-15 09:36:21.867474+00	1343	842	\N	f	1	1	\N	9b225421f41cc3b029a278645a566415b72350d432485a5595b847c56e0c3a06	master
node_1756498700769	ba58297d-d2cd-4f36-a80c-a0dcacb897de	prompt	Correct. A mobile number in Singapore is given to only one individual. Therefore, it is known as a Unique Identifier because it can be used to identify an individual directly. Let's try another question.	\N	\N	\N	2025-08-29 20:40:46.038278+00	2025-11-15 09:36:21.867474+00	1340	1006	node_1756497587479	\N	\N	\N	\N	b98719a54e21825612f88190ffb1ad6c50d0bdc1e91ad560330ce67c8edc3a6d	master
node_1756418027614	ba58297d-d2cd-4f36-a80c-a0dcacb897de	question	Lets see if you have understood this lesson. John's NRIC is S1711112Z. He gave this number to his doctor for medical prescription. Is the NRIC number considered Personal Data or Business Contact Information?	\N	\N	\N	2025-08-28 22:05:33.4577+00	2025-11-15 09:36:21.867474+00	1250	-180	\N	f	1	1	\N	c4c85ad7e03a77835b3086e46c4db23af9511d44221a104493ba604e2b4925a7	master
node_1756499606403	ba58297d-d2cd-4f36-a80c-a0dcacb897de	question	Not quite right. Looks like you have difficulty understanding the definition of personal data.\nWe suggest you go back to the earlier part of this lesson to review what we have taught.	\N	\N	\N	2025-08-29 20:40:46.038278+00	2025-11-15 09:36:21.867474+00	1022	1774	node_1756416668398	f	1	1	\N	3a105668b93f61dcb07fe3ddf90e575842b04780b9cb91f40d1c88ffde91a068	master
node_1756909595277	4c67d4c0-6012-40c3-901b-3c570f5727f4	prompt	Module entry	\N	\N	\N	2025-09-03 14:27:58.344766+00	2025-11-15 09:36:21.867474+00	480	-24	node_1756919513906	\N	\N	\N	\N	cb36742b5e177f88d4245aefed070706debe737f5ddec8be02cb5abb6fc889d5	master
node_1757592037333	fcbb989f-565d-4f87-8a65-a419ba7b69e1	prompt	Hi.  I'm Charlie! Your mentor and coach for the Health Information Bill.	\N	\N	\N	2025-09-11 12:49:07.999585+00	2025-11-15 09:36:21.867474+00	-870	-546	node_1757592107837	\N	\N	\N	\N	bc57b2dfe4c9e60e6fc72c25d19ee82dd145db5af02b10ac0a2ec5a7c77fbfd7	master
node_1757637444484	696f4cfb-488c-4638-b33f-3f55fb10a822	prompt	OK - while passwords are good, Cyber Security Agency (CSA) recommends using passphrases. I hope that is clear now!	\N	\N	\N	2025-09-12 00:40:06.819565+00	2025-11-15 09:36:21.867474+00	-210	495	node_1757637546014	\N	\N	\N	\N	dad041d2e01f9eb678e994472e9770ac2460e7812f8eaa764db82dbb7c22b9ab	master
node_1757637401972	696f4cfb-488c-4638-b33f-3f55fb10a822	lesson	Let's start with cybersecurity and passwords.	\N	\N	\N	2025-09-12 00:40:06.819565+00	2025-11-15 09:36:21.867474+00	-101	251	node_1757637444484	\N	\N	\N	ad4e3c99-975a-427a-b680-03b774ec4317	7e5e53c065e8734c29eb1a90cc3eeef093648f4b99cc8695b72b9f5d64890029	master
node_1758357603930	4305695a-8ebb-4fe4-b79d-00389314cf20	prompt	Alrighty then! See you next time!	\N	\N	\N	2025-09-20 08:43:20.957975+00	2025-11-15 09:36:21.867474+00	356	741	\N	\N	\N	\N	\N	c167d6cd872f45cdc14df4bc0d5f0f6528eec2fdb0079fe4f6b550719f07b8e2	master
node_1756909646747	4c67d4c0-6012-40c3-901b-3c570f5727f4	prompt	bye bye	\N	\N	\N	2025-09-03 14:27:58.344766+00	2025-11-15 09:36:21.867474+00	446	256	node_1758361148242	\N	\N	\N	\N	80b8497eb3580263b5cba90d4893ce97ed8ff42f4605e4065cdd04ed1106f763	master
node_1758357559824	4305695a-8ebb-4fe4-b79d-00389314cf20	question	Will you share your phone number with me? 	\N	\N	\N	2025-09-20 08:43:20.957975+00	2025-11-15 09:36:21.867474+00	24	546	node_1758357603930	f	1	1	4c67d4c0-6012-40c3-901b-3c570f5727f4	08ec3f5461c8c4ed3fcac82f3d6091030584d834042006da96b7e4480d2cb879	master
node_1758521898062	4305695a-8ebb-4fe4-b79d-00389314cf20	prompt	Ooops...not a good idea.	\N	\N	\N	2025-09-22 06:19:10.791684+00	2025-11-15 09:36:21.867474+00	491	745	node_1758357603930	\N	\N	\N	\N	7aabbf99ad98f4af8814de3fd5c0e403f571c5f504920f869396e58b698acb70	master
node_1762139777567	8501fccb-400b-465f-b677-2822cb58a06e	question	Ready to get going? 	\N	\N	\N	2025-11-03 03:17:27.489732+00	2025-11-15 09:36:21.867474+00	285	275	\N	f	1	1	\N	7547eeead49ea42469caaa7ef12262dbbfb251400784ef8e08e7defbed0ca0b7	master
node_1762139688649	8501fccb-400b-465f-b677-2822cb58a06e	prompt	Don't worry - the lessons won't take long to complete - typically 3-5 mins at a time. And you can access them anytime, anywhere - on your laptop, tablets and mobile devices.	\N	\N	\N	2025-11-03 03:17:27.489732+00	2025-11-15 09:36:21.867474+00	264	96	node_1762139777567	\N	\N	\N	\N	34595878b01ee93947a5484fecf01b33cb545e19c6dfc09571d5439399811b41	master
node_1762139574122	8501fccb-400b-465f-b677-2822cb58a06e	prompt	Hi {{first_name}}!\nWelcome to StaySecure LEARN, the cyber & data protection learning solution {{org_name}} has selected to help you protect yourself, your family and {{org_name}}.	\N	\N	\N	2025-11-03 03:17:27.489732+00	2025-11-15 09:36:21.867474+00	317	-53	node_1762139688649	\N	\N	\N	\N	c4aeb6aa920f4513c82baf7197ba4aedf0caf22e8c7abaaadcdbf25fee3e7480	master
node_1762140193312	8501fccb-400b-465f-b677-2822cb58a06e	question	Come on - it will be fun. Won't take long. Besides, {{org_name}} thinks it's important enough that they are committed to this. 	\N	\N	\N	2025-11-03 03:39:27.688355+00	2025-11-15 09:36:21.867474+00	464	543	\N	f	1	1	\N	c11a50418b25c0f7cfe31de6bdaa64216fd1c68190f55aff0289b9287f968ca6	master
node_1762140776488	8501fccb-400b-465f-b677-2822cb58a06e	prompt	Nah - try again!	\N	\N	\N	2025-11-03 03:39:27.688355+00	2025-11-15 09:36:21.867474+00	524	1877	node_1762140638802	\N	\N	\N	\N	a33e1338f5458de7440a3c61648fedd59cee0783c470d777930792319e26e767	master
node_1762140555242	8501fccb-400b-465f-b677-2822cb58a06e	prompt	And 60% of breaches in 2024 were cybersecurity related.  	\N	\N	\N	2025-11-03 03:39:27.688355+00	2025-11-15 09:36:21.867474+00	206	1427	node_1762140638802	\N	\N	\N	\N	26efefcac6f52e1650ec6d53c6746b1c3c018d9a85d31da8e85671e470a45bd7	master
node_1762140464404	8501fccb-400b-465f-b677-2822cb58a06e	prompt	82% of data breaches are related to human factors. That is - YOU! And ME! 😕	\N	\N	\N	2025-11-03 03:39:27.688355+00	2025-11-15 09:36:21.867474+00	220	1247	node_1762140555242	\N	\N	\N	\N	6d6a36ccf807865c7490f611402182363630301f62aa4b935d0da0f0bb575e3f	master
node_1762140016847	8501fccb-400b-465f-b677-2822cb58a06e	prompt	Understanding cyber and data security are critical to protecting the digital infrastructure and personal data of {{org_name}}. 	\N	\N	\N	2025-11-03 03:39:27.688355+00	2025-11-15 09:36:21.867474+00	182	834	node_1762140292415	\N	\N	\N	\N	e7916a8c83f913eac45b77db1371b55b1205e1ba86023f672c5228075e6ce97f	master
node_1762140292415	8501fccb-400b-465f-b677-2822cb58a06e	prompt	Did you know that Phishing and Ransomeware attacks are the 2 major cyber threats in Singapore? 🤯	\N	\N	\N	2025-11-03 03:39:27.688355+00	2025-11-15 09:36:21.867474+00	197	1038	node_1762140464404	\N	\N	\N	\N	f2e2d39a053d11c3b57006c749903b3d27d1e7c32a8c74d36bccc52b28bd986c	master
node_1762140638802	8501fccb-400b-465f-b677-2822cb58a06e	question	Guess the average penalty was for each of these  breaches?	\N	\N	\N	2025-11-03 03:39:27.688355+00	2025-11-15 09:36:21.867474+00	127	1630	\N	f	1	1	\N	94631d45249b04ae7a50b705ad4f61ebb71ef39ead824cab94a7a279de90ea9f	master
node_1762141193788	8501fccb-400b-465f-b677-2822cb58a06e	prompt	That's why {{org_name}} has selected StaySecure LEARN. To help protect you from scams, protect your and the organisation's data, and your endpoints so you don't become a victim! 👏 👏	\N	\N	\N	2025-11-03 03:41:59.714641+00	2025-11-15 09:36:21.867474+00	198	2533	node_1762142046006	\N	\N	\N	\N	5f9623a9b6add345e59e3b8d05baa8ba2d067e79aa2e52c8e2db8e91b442ab72	master
node_1762142773164	8501fccb-400b-465f-b677-2822cb58a06e	prompt	Per the Personal Data Protection & Cybersecurity Acts, your organisation has a legal obligation to protect personal data & sensitive information under your control.	\N	\N	\N	2025-11-03 04:10:24.864711+00	2025-11-15 09:36:21.867474+00	178	3086	node_1762143063283	\N	\N	\N	\N	df4fa35b72ffea9c680ab66944cfa0bd4ec4b22dd3706bd8c5ffd5f852f49975	master
node_1762143063283	8501fccb-400b-465f-b677-2822cb58a06e	prompt	Your staff (employees & volunteers) may be personally liable for data breach under certain conditions.	\N	\N	\N	2025-11-03 04:12:20.676484+00	2025-11-15 09:36:21.867474+00	190	3268	node_1762143253443	\N	\N	\N	\N	dffbd507366b35b9e331e77f1b55e51d56ed4502d929328c3545aaaafc46e56b	master
node_1762143253443	8501fccb-400b-465f-b677-2822cb58a06e	prompt	Malicious actors target organisations like yours - your organisation is NOT TOO SMALL! 	\N	\N	\N	2025-11-03 04:15:12.17974+00	2025-11-15 09:36:21.867474+00	194	3474	node_1762143313261	\N	\N	\N	\N	394357ffec1ca8c7126ac5011fda60cfc6e9a6644b459ac2b51d557bb9fe25c5	master
node_1762143571489	8501fccb-400b-465f-b677-2822cb58a06e	prompt	As you digitalise your operations, your vulnerabilities increase if you do nothing to protect your sensitive information	\N	\N	\N	2025-11-03 04:20:55.395933+00	2025-11-15 09:36:21.867474+00	94	4047	node_1762143658092	\N	\N	\N	\N	0e4ec75aa6b458db6a8efb8d2e0dca13d1fe1b6759a32078ba5a682cd11fd6f3	master
node_1762143732954	8501fccb-400b-465f-b677-2822cb58a06e	lesson	Case Study 2	\N	\N	\N	2025-11-03 04:22:26.561492+00	2025-11-15 09:36:21.867474+00	128	4725	node_1762145176770	\N	\N	\N	\N	8b2cc07ac97e9dc6e4fb67274e4c35ec29be4c5ce24780f69ac25d19e90ca2c8	master
node_1762143695649	8501fccb-400b-465f-b677-2822cb58a06e	lesson	Case Study 1	\N	\N	\N	2025-11-03 04:22:26.561492+00	2025-11-15 09:36:21.867474+00	136	4529	node_1762143732954	\N	\N	\N	\N	f835131b090f3e9e2455f4f649ad2b4f5989d8600ae8ba09efd219f391b5a304	master
node_1762143658092	8501fccb-400b-465f-b677-2822cb58a06e	prompt	Don't believe me? Take a look at these organisations that didn't do enough to protect their data.	\N	\N	\N	2025-11-03 04:22:26.561492+00	2025-11-15 09:36:21.867474+00	172	4277	node_1762143695649	\N	\N	\N	\N	b132194571da6b734b3173efabc402bc5086d96cc53dbd029598b2e147a09921	master
node_1762145215670	8501fccb-400b-465f-b677-2822cb58a06e	prompt	Check out the next lesson to continue learning!	\N	\N	\N	2025-11-03 04:47:35.304725+00	2025-11-15 09:36:21.867474+00	146	5098	node_1762145240619	\N	\N	\N	\N	f37e9c0f7096d9e37c3a01224b7b06ffeb111424b7f5a888890f1fb96633fe73	master
node_1762145176770	8501fccb-400b-465f-b677-2822cb58a06e	prompt	Hope this convinces on why cybersecurity and data security are important.	\N	\N	\N	2025-11-03 04:47:35.304725+00	2025-11-15 09:36:21.867474+00	124	4902	node_1762145215670	\N	\N	\N	\N	f3ce9aebce1a86e5cfb436e3ac6fc164ca7dcec684d09e0b735754bd335fd3db	master
node_1762145240619	8501fccb-400b-465f-b677-2822cb58a06e	prompt	Until then, be safe!	\N	\N	\N	2025-11-03 04:47:35.304725+00	2025-11-15 09:36:21.867474+00	148	5272	\N	\N	\N	\N	\N	e608e087900fcdea4c35c7f721830dad0f7ab11e74890e9d91e9263c84487202	master
node_1757609140581	825f3ae6-d593-4e25-9926-61542bcd8cd6	prompt	Hi! It's me again. Glad to see you {{first_name}}!	\N	\N	\N	2025-09-11 17:04:26.865159+00	2025-11-15 09:36:21.867474+00	435	-34	node_1757609183518	\N	\N	\N	\N	b583c69b9005f6d9a38b46836e70435a09465b77270e083ac76099d21069bb7f	master
node_1762140938717	8501fccb-400b-465f-b677-2822cb58a06e	prompt	Worse - we're on the way to maintaining that record for 2025. We've lost $456.4M up to mid 2025! 😞	\N	\N	\N	2025-11-03 03:39:27.688355+00	2025-11-15 09:36:21.867474+00	197	2320	node_1762141193788	\N	\N	\N	\N	dd9a3bfa623112c3421c81fde0b98fcba508338fa245841ee1e34fb923087b9d	master
node_1762758762165	4305695a-8ebb-4fe4-b79d-00389314cf20	prompt	Hi {{first_name}}!	\N	\N	\N	2025-11-10 07:13:00.962252+00	2025-11-15 09:36:21.867474+00	324	-111	node_1758345419620	\N	\N	\N	\N	f608cb4af6420c9247a1a08d312229d3c23c6d66292bcc5b10b7c05b8b954c36	master
node_1762142046006	8501fccb-400b-465f-b677-2822cb58a06e	question	Why do costly and damaging breaches occur?	image	https://cleqfnrbiqpxpzxkatda.supabase.co/storage/v1/object/public/avatars/lesson-media/1762928938285-uuf7k4po7oa.png		2025-11-03 04:10:24.864711+00	2025-11-15 09:36:21.867474+00	114	2707	node_1762142155641	t	4	1	\N	2fcd4260161e3b58a0f8384fc1d85bf57df10399937e61c98268c04ad880de47	master
node_1762140711803	8501fccb-400b-465f-b677-2822cb58a06e	prompt	Yup! It may not sound like much on the surface, but that could be a large sum to {{org_name}}!	\N	\N	\N	2025-11-03 03:39:27.688355+00	2025-11-15 09:36:21.867474+00	12	1908	node_1762140812786	\N	\N	\N	\N	f169f25f770268d200fefd5cd95751a50f29120ec4c7716eabac7169a75b0ad0	master
node_1762140812786	8501fccb-400b-465f-b677-2822cb58a06e	prompt	And we have the dubious honor of being the #1 🏆 scammed in the world! As a nation, we lost over $1.1B in 2024 to scams!	image	https://cleqfnrbiqpxpzxkatda.supabase.co/storage/v1/object/public/avatars/lesson-media/1762929810445-orp39yodxvt.png		2025-11-03 03:39:27.688355+00	2025-11-15 09:36:21.867474+00	160	2132	node_1762140938717	\N	\N	\N	\N	370be486bef2770c12077fc865636eacbd81ffbb1b8456b59180287a77961ed0	master
node_1762142155641	8501fccb-400b-465f-b677-2822cb58a06e	prompt	All of the above is correct actually. \n\nInformation security is your organisation's responsiblity.	\N	\N	\N	2025-11-03 04:10:24.864711+00	2025-11-15 09:36:21.867474+00	-74	2946	node_1762142773164	\N	\N	\N	\N	a4ca1bfbe1f514957a1617519e6a474e436ffed014713033426a684897400b3f	master
node_1762143313261	8501fccb-400b-465f-b677-2822cb58a06e	prompt	Weak cyber posture allows malware to reside in & capture data from your digital environment for long periods without your knowledge	\N	\N	\N	2025-11-03 04:16:08.741851+00	2025-11-15 09:36:21.867474+00	228	3652	node_1762143571489	\N	\N	\N	\N	8d78327eefeff75c97f95d2890d8f5960edef7a9a9a120997dca471acaeb31eb	master
node_1762757612127	4305695a-8ebb-4fe4-b79d-00389314cf20	lesson	{{org_name}} Passphrase Policy	image	https://netorgft14813488.sharepoint.com/:w:/s/RAYNComply/EcXgBNu7pQVGnblHW7DmhqEBtPisc9j_92XnYXSkwpzcRA?e=gn6KhG		2025-11-10 06:54:43.933516+00	2025-11-15 09:36:21.867474+00	713	570	node_1758345419620	\N	\N	\N	4c67d4c0-6012-40c3-901b-3c570f5727f4	f81e0d23addbdc0c7934a1537cdb5f398a311dff3618a533f2e3a00c7de25af1	master
node_1762931406631	3b34d10e-752a-47b2-a1e2-bd96272e75a8	prompt	Victims received text or emails claiming to be from SP Group telling them they had been overcharged.	\N	\N	\N	2025-11-12 07:11:52.342484+00	2025-11-15 09:36:21.867474+00	583	-104	node_1762931570727	\N	\N	\N	\N	02d5a98deca09a63b83a82f29f562da68f842f5cd09b5d04b9798aa0b2f12dcf	master
node_1762931870512	0fd716c1-142d-41f6-addb-6c2c77051f9e	prompt	Victims were asked to make urgent and prompt school fees payment to a specific bank account or risk facing legal consequences.	\N	\N	\N	2025-11-12 07:20:23.113079+00	2025-11-15 09:36:21.867474+00	265	262	node_1762931920987	\N	\N	\N	\N	8f39835406f6d0b0d0711b8dd666353381ee1f38dabbaa0da043116615f27c11	master
node_1762931920987	0fd716c1-142d-41f6-addb-6c2c77051f9e	prompt	Sadly - they did and didn't realise until they checked with their schools, or received notifications from them. 😱😱	\N	\N	\N	2025-11-12 07:20:23.113079+00	2025-11-15 09:36:21.867474+00	286	440	\N	\N	\N	\N	\N	12213ac7b57568e679b9495ab891c93d0673f8ec938ceeb7021ff392ab166f8e	master
node_1762931802103	0fd716c1-142d-41f6-addb-6c2c77051f9e	prompt	Over $30,000 lost in new scam in Singapore involving requests for school fees by impersonators	\N	\N	\N	2025-11-12 07:17:04.566969+00	2025-11-15 09:36:21.867474+00	291	-19	node_1762931826501	\N	\N	\N	\N	8c2ec5546cd99b9300d35ece016d49ec95f91ad3ff40fc7787bb749598ed06e4	master
\.


--
-- Data for Name: lesson_answers; Type: TABLE DATA; Schema: public; Owner: postgres
--

COPY public.lesson_answers (id, node_id, text, next_node_id, created_at, score, is_correct, explanation, owner) FROM stdin;
answer_1758360244882	node_1758345419620	12 chars	node_1758357559824	2025-11-12 07:37:02.632801+00	7	t	\N	master
answer_1758360625754	node_1758345430996	OK	node_1762757612127	2025-11-12 07:37:02.632801+00	2	t	Do or do not. There is no try.	master
answer_1758360640893	node_1758345430996	Another time maybe.	node_1758357603930	2025-11-12 07:37:02.632801+00	\N	\N		master
answer_1758360666011	node_1758345419620	Alphanumeric	node_1758357559824	2025-11-12 07:37:02.632801+00	1	t	\N	master
answer_1762757478216	node_1758345419620	Min 1 number	node_1758357559824	2025-11-12 07:37:02.632801+00	1	t	\N	master
answer_1758521702043	node_1758357559824	No way!	node_1758357603930	2025-11-12 07:37:02.632801+00	\N	t	Awesome! You should never share your phone number with anyone!	master
answer_1758521782055	node_1758357559824	Sure	node_1758521898062	2025-11-12 07:37:02.632801+00	\N	\N	I wouldn't do that if I were you since you've shared PI and hackers can use that against you.	master
answer_1762757508057	node_1758345419620	Min 1 special character	node_1758357559824	2025-11-12 07:37:02.632801+00	1	t	\N	master
answer_1762932500293	node_1758345419620	Spaces	node_1758357559824	2025-11-12 07:37:02.632801+00	7	t	\N	master
answer_1756625589073	node_1756625381826	Continue	node_1756625610509	2025-09-01 07:52:17.974016+00	\N	\N	\N	master
answer_1756643589954	node_1756625610509	Continue	node_1756625838466	2025-09-01 07:52:17.974016+00	\N	\N	\N	master
answer_1756644541330	node_1756644378915	Develop and implement policies and SOPs	node_1756644450027	2025-09-01 07:52:17.974016+00	\N	\N	\N	master
answer_1756644622217	node_1756644378915	Inform your staff what they must do	node_1756708940196	2025-09-01 07:52:17.974016+00	\N	\N	\N	master
answer_1756683681263	node_1756644378915	Appoint a Data Protection Officer	node_1756709691083	2025-09-01 07:52:17.974016+00	\N	\N	\N	master
answer_1756708975346	node_1756625838466	Continue	node_1756643574131	2025-09-01 07:52:17.974016+00	\N	\N	\N	master
answer_1756709018985	node_1756643574131	Continue	node_1756644378915	2025-09-01 07:52:17.974016+00	\N	\N	\N	master
answer_1756710839037	node_1756644450027	Inform your staff what they must do	node_1756710896909	2025-09-01 07:52:17.974016+00	\N	\N	\N	master
answer_1756710920731	node_1756644450027	Appoint a Data Protection Officer	node_1756711781383	2025-09-01 07:52:17.974016+00	\N	\N	\N	master
answer_1756586693795	node_1756586512109	Continue	\N	2025-08-31 07:13:36.266837+00	\N	\N	\N	master
answer_1756711353446	node_1756708940196	Develop and Implement policies and SOPs	node_1756712874821	2025-09-01 07:52:17.974016+00	\N	\N	\N	master
answer_1756711929231	node_1756710896909	Appoint a Data Protection Officer	node_1756711781383	2025-09-01 07:52:17.974016+00	\N	\N	\N	master
answer_1756712030113	node_1756711781383	Inform your staff what they need to do	node_1756712289058	2025-09-01 07:52:17.974016+00	\N	\N	\N	master
answer_1756712479979	node_1756712289058	Continue	node_1756712370979	2025-09-01 07:52:17.974016+00	\N	\N	\N	master
answer_1754350564217	node_1754350428952	No	node_1754350509963	2025-08-04 23:40:58.655+00	\N	f	\N	master
answer_1754350816943	node_1754350428952	Yes	node_1754350490300	2025-08-04 23:40:58.655+00	\N	f	\N	master
answer_1757638811174	node_1757638744752	Yes. Especially the complicated ones.	node_1754667511613	2025-09-17 06:07:05.11901+00	\N	\N	\N	master
answer_1757638940910	node_1757638744752	Not really.	node_1757639016271	2025-09-17 06:07:05.11901+00	\N	\N	\N	master
answer_1757639093037	node_1757639016271	What should I do?	node_1754667511613	2025-09-17 06:07:05.11901+00	\N	\N	\N	master
answer_1754256734359	node_1754256715391	What??!!	\N	2025-08-03 21:32:43.109+00	\N	f	\N	master
answer_1756418139206	node_1756418027614	Personal Data	node_1756495948981	2025-08-30 20:04:23.65636+00	1	t		master
answer_1756418182463	node_1756418027614	Business Contact Information	node_1756497241525	2025-08-30 20:04:23.65636+00	2	\N		master
answer_1756495407453	node_1756415301542	Continue	node_1756415566659	2025-08-30 20:04:23.65636+00	\N	\N	\N	master
answer_1756495484583	node_1756415566659	Continue	node_1756415807325	2025-08-30 20:04:23.65636+00	\N	\N	\N	master
answer_1757599797850	node_1757599377572	$0.5 billion	node_1757599976082	2025-09-12 00:52:39.78841+00	\N	\N	\N	master
answer_1757600159889	node_1757599377572	$0.8 billion	node_1757599976082	2025-09-12 00:52:39.78841+00	\N	\N	\N	master
answer_1757600223233	node_1757599377572	$1.1 billion.	node_1757600279809	2025-09-12 00:52:39.78841+00	\N	t	\N	master
answer_1757607057151	node_1757592184477	Really? 	node_1757604035810	2025-09-12 00:52:39.78841+00	\N	\N	\N	master
answer_1757607127348	node_1757604891725	OK.	node_1757593369408	2025-09-12 00:52:39.78841+00	\N	\N	\N	master
answer_1757607140928	node_1757604891725	Tell me more.	node_1757593369408	2025-09-12 00:52:39.78841+00	\N	\N	\N	master
answer_1757607386616	node_1757593737145	Not really.	node_1757593807679	2025-09-12 00:52:39.78841+00	\N	\N	\N	master
answer_1756712559371	node_1756712370979	Yes	node_1756712513973	2025-09-01 07:52:17.974016+00	\N	\N	\N	master
answer_1756712657780	node_1756712370979	I need to refresh	node_1756644378915	2025-09-01 07:52:17.974016+00	\N	\N	\N	master
answer_1756712958694	node_1756708940196	Appoint a Data Protection Officer	node_1756712910054	2025-09-01 07:52:17.974016+00	\N	\N	\N	master
answer_1756495522412	node_1756415807325	Continue	node_1756415907295	2025-08-30 20:04:23.65636+00	\N	\N	\N	master
answer_1756495560444	node_1756415907295	Continue	node_1756416668398	2025-08-30 20:04:23.65636+00	\N	\N	\N	master
answer_1756495590468	node_1756416668398	Continue	node_1756416813128	2025-08-30 20:04:23.65636+00	\N	\N	\N	master
answer_1756495628725	node_1756416813128	Continue	node_1756416526369	2025-08-30 20:04:23.65636+00	\N	\N	\N	master
answer_1756495671012	node_1756416526369	Continue	node_1756416960821	2025-08-30 20:04:23.65636+00	\N	\N	\N	master
answer_1756495702804	node_1756416960821	Continue	node_1756418027614	2025-08-30 20:04:23.65636+00	\N	\N	\N	master
answer_1756496246748	node_1756495948981	Continue	node_1756497587479	2025-08-30 20:04:23.65636+00	\N	\N	\N	master
answer_1756498098147	node_1756497587479	Business Contact Information	node_1756498378816	2025-08-30 20:04:23.65636+00	\N	\N	\N	master
answer_1754256742152	node_1754256715391	I guess.	\N	2025-08-03 21:32:43.109+00	\N	f	\N	master
answer_1756498305899	node_1756497587479	Personal Data	node_1756498120130	2025-08-30 20:04:23.65636+00	1	t	\N	master
answer_1756499289112	node_1756498120130	Continue	node_1756419487917	2025-08-30 20:04:23.65636+00	\N	\N	\N	master
answer_1756499586708	node_1756419487917	Business Contact Information	node_1756498378816	2025-08-30 20:04:23.65636+00	1	t	\N	master
answer_1751489562916	node_1751487834582	Social engineering	node_1751487909702	2025-07-09 17:33:50.964+00	\N	f	\N	master
answer_1751489594529	node_1751487834582	2FA/MFA	node_1751487870633	2025-07-09 17:33:50.964+00	\N	f	\N	master
answer_1751489620954	node_1751487909702	Aaah! Yes!	node_1751488074223	2025-07-09 17:33:50.964+00	\N	f	\N	master
answer_1756499654297	node_1756419487917	Personal Data	node_1756499606403	2025-08-30 20:04:23.65636+00	\N	\N	\N	master
answer_1751489635417	node_1751487909702	OK	node_1751488074223	2025-07-09 17:33:50.964+00	\N	f	\N	master
answer_1751489677875	node_1751488074223	No, but I will	node_1751488180867	2025-07-09 17:33:50.964+00	\N	f	\N	master
answer_1751489793492	node_1751488180867	No, that's OK!	node_1751488500220	2025-07-09 17:33:50.964+00	\N	f	\N	master
answer_1751489793523	node_1751488180867	Sure! Why not!	node_1751488555592	2025-07-09 17:33:50.964+00	\N	f	\N	master
answer_1751489867377	node_1751488074223	No, because my accounts are super secure already!	node_1751488212661	2025-07-09 17:33:50.964+00	\N	f	\N	master
answer_1751489902211	node_1751488074223	I did, yes!	node_1751488246160	2025-07-09 17:33:50.964+00	\N	f	\N	master
answer_1756500309029	node_1756498378816	Go to Next Lesson.	\N	2025-08-30 20:04:23.65636+00	\N	\N	\N	master
answer_1756577338299	node_1756498582229	Personal Data	node_1756498700769	2025-08-30 20:04:23.65636+00	\N	\N	\N	master
answer_1756577737745	node_1756498582229	Business Contact Information	node_1756499606403	2025-08-30 20:04:23.65636+00	\N	\N	\N	master
answer_1756578223908	node_1756497241525	Continue	node_1756498582229	2025-08-30 20:04:23.65636+00	\N	\N	\N	master
answer_1756584170091	node_1756499606403	Continue	node_1756416668398	2025-08-30 20:04:23.65636+00	\N	\N	\N	master
answer_1757599182636	node_1757599108270	Not really. 	node_1757597870090	2025-09-12 00:52:39.78841+00	\N	\N	\N	master
answer_1757599270067	node_1757599108270	Yup. I keep up stats!	node_1757599377572	2025-09-12 00:52:39.78841+00	\N	\N	\N	master
answer_1756919074727	node_1756909646747	OK	\N	2025-09-20 09:39:26.190159+00	\N	\N	\N	master
answer_1756919520259	node_1756919513906	OK	node_1756909646747	2025-09-20 09:39:26.190159+00	\N	\N	\N	master
answer_1762139805718	node_1762139777567	Yes! Let's do this!	node_1762140016847	2025-11-12 07:34:00.233134+00	\N	\N	\N	master
answer_1762139819023	node_1762139777567	Do I have to? 	node_1762140193312	2025-11-12 07:34:00.233134+00	\N	\N	\N	master
answer_1762140317814	node_1762140193312	OK. 	node_1762140016847	2025-11-12 07:34:00.233134+00	\N	\N	\N	master
answer_1762140329990	node_1762140193312	I'm not excited, but fine!	node_1762140016847	2025-11-12 07:34:00.233134+00	\N	\N	\N	master
answer_1762140665995	node_1762140638802	$10,000 	node_1762140776488	2025-11-12 07:34:00.233134+00	\N	\N	\N	master
answer_1762140674485	node_1762140638802	$1M!	node_1762140776488	2025-11-12 07:34:00.233134+00	\N	\N	\N	master
answer_1762140692964	node_1762140638802	$316K	node_1762140711803	2025-11-12 07:34:00.233134+00	\N	t	\N	master
answer_1762928556121	node_1762142046006	01	\N	2025-11-12 07:34:00.233134+00	\N	t	\N	master
answer_1762928589719	node_1762142046006	02	node_1762142155641	2025-11-12 07:34:00.233134+00	\N	t	\N	master
answer_1762928596412	node_1762142046006	03	node_1762142155641	2025-11-12 07:34:00.233134+00	\N	t	\N	master
answer_1762928961922	node_1762142046006	04	node_1762142155641	2025-11-12 07:34:00.233134+00	\N	t	\N	master
answer_1757609290832	node_1757609258896	I guess.	node_1757609331589	2025-11-10 07:15:43.59698+00	\N	\N	Certainly. Give it a shot. You may learn a few things that your organisation requires you to do.	master
answer_1757609308507	node_1757609258896	Do I have to?	node_1757637935858	2025-11-10 07:15:43.59698+00	\N	\N	\N	master
answer_1757638079873	node_1757637935858	Ok...	node_1757609331589	2025-11-10 07:15:43.59698+00	\N	\N	\N	master
\.


--
-- Data for Name: lesson_answer_translations; Type: TABLE DATA; Schema: public; Owner: postgres
--

COPY public.lesson_answer_translations (id, answer_id, language_code, text_translated, explanation_translated, engine_used, status, character_count, translation_cost, quality_score, is_outdated, needs_review, translated_by, reviewed_by, content_hash, source_content_hash, created_at, updated_at, owner) FROM stdin;
3b475ffd-ff1f-4ae6-8358-5416e21d8448	answer_1756919074727	id	OKE	\N	google	completed	2	0.0002	\N	f	f	\N	\N	565339bc4d33d72817b583024112eb7f5cdf3e5eef0252d6ec1b9c9a94e12bb3	\N	2025-09-26 03:30:55.165204+00	2025-09-26 03:30:55.165204+00	master
d098732b-11fb-499d-b629-cf62f679163f	answer_1756919520259	id	OKE	\N	google	completed	2	0.0002	\N	f	f	\N	\N	565339bc4d33d72817b583024112eb7f5cdf3e5eef0252d6ec1b9c9a94e12bb3	\N	2025-09-26 03:30:55.467868+00	2025-09-26 03:30:55.467868+00	master
17466c3c-41b5-4684-8203-114633b4ff00	answer_1756919074727	my	အိုကေ	\N	google	completed	2	0.0002	\N	f	f	\N	\N	565339bc4d33d72817b583024112eb7f5cdf3e5eef0252d6ec1b9c9a94e12bb3	\N	2025-10-14 00:49:59.722039+00	2025-10-14 00:49:59.722039+00	master
4ef7e495-eeaf-4c85-9585-6825bbe78684	answer_1756919520259	my	အိုကေ	\N	google	completed	2	0.0002	\N	f	f	\N	\N	565339bc4d33d72817b583024112eb7f5cdf3e5eef0252d6ec1b9c9a94e12bb3	\N	2025-10-14 00:50:00.00567+00	2025-10-14 00:50:00.00567+00	master
9b2fbde7-5b72-4241-a222-c926173b4246	answer_1757638811174	zh	是的，尤其是那些复杂的问题。	\N	google	completed	37	0.0037	\N	f	f	\N	\N	5444fe9faa69f783e6081a507e4c49a52b0b0bda135f5e71b13d68d5621513a2	\N	2025-10-30 01:33:25.159004+00	2025-10-30 01:33:25.159004+00	master
cb14b4a1-57a9-4014-ad47-c74917bc39af	answer_1757638940910	zh	并不真地。	\N	google	completed	11	0.0011	\N	f	f	\N	\N	0c90431c216ee42a87c63a63002e13af67e94cb3301c731c510a4fa2b57ce3bd	\N	2025-10-30 01:33:25.503683+00	2025-10-30 01:33:25.503683+00	master
a5350294-e4ee-4620-a654-c0ea20ee6633	answer_1757639093037	zh	我应该怎么办？	\N	google	completed	17	0.0017	\N	f	f	\N	\N	00eeea79a031c9a27a035249640921458205679b2fc049169dbe946541fa317c	\N	2025-10-30 01:33:25.860658+00	2025-10-30 01:33:25.860658+00	master
16bae5f8-e16c-4922-983f-72569b1b0855	answer_1757609308507	zh	我必须这样做吗？	\N	google	completed	13	0.0013	\N	f	f	\N	\N	f0b0984e2771d86885f99e85a6a1994c900912834a57948e4c7a00975de9c531	\N	2025-11-12 00:49:10.61866+00	2025-11-12 00:49:10.61866+00	master
c048df3c-b927-4ff7-915a-884281669f3a	answer_1757609290832	zh	我猜也是。	当然可以。不妨一试。你可能会了解到一些你的组织要求你做的事情。	google	completed	104	0.0104	\N	f	f	\N	\N	74c59ea439959310f1e99804d2c62b7d62a9833ffeabbc91174ae6769cd031bd	\N	2025-11-12 00:49:10.318631+00	2025-11-12 00:49:10.318631+00	master
95ccf0e8-0d65-4a1c-a215-a00cc1e2649b	answer_1757638079873	zh	好的...	\N	google	completed	5	0.0005	\N	f	f	\N	\N	cb666902c344be2556af43a457ab6be0ae6af8c1d8c29695cfcd680e3601d3c1	\N	2025-11-12 00:49:10.929736+00	2025-11-12 00:49:10.929736+00	master
a625cf71-8b0f-40ec-9776-38670bfb7266	answer_1757609290832	id	Kukira.	Tentu saja. Cobalah. Anda mungkin akan mempelajari beberapa hal yang dibutuhkan organisasi Anda.	google	completed	104	0.0104	\N	f	f	\N	\N	74c59ea439959310f1e99804d2c62b7d62a9833ffeabbc91174ae6769cd031bd	\N	2025-11-11 09:29:02.503319+00	2025-11-11 09:29:02.503319+00	master
b9e7360c-3ab2-4797-9d07-07e0cfb3425d	answer_1757609308507	id	Apakah saya harus melakukannya?	\N	google	completed	13	0.0013	\N	f	f	\N	\N	f0b0984e2771d86885f99e85a6a1994c900912834a57948e4c7a00975de9c531	\N	2025-11-11 09:29:02.880502+00	2025-11-11 09:29:02.880502+00	master
e321b4ca-c771-4c70-995d-f80e8a06dec6	answer_1757638079873	id	Oke...	\N	google	completed	5	0.0005	\N	f	f	\N	\N	cb666902c344be2556af43a457ab6be0ae6af8c1d8c29695cfcd680e3601d3c1	\N	2025-11-11 09:29:03.189827+00	2025-11-11 09:29:03.189827+00	master
\.


--
-- Data for Name: lesson_node_translations; Type: TABLE DATA; Schema: public; Owner: postgres
--

COPY public.lesson_node_translations (id, node_id, language_code, content_translated, media_alt_translated, engine_used, quality_score, translation_cost, character_count, status, translated_by, reviewed_by, created_at, updated_at, source_content_hash, is_outdated, needs_review, content_hash, owner) FROM stdin;
9ec9abc9-efc0-4941-ad18-3856227aec99	node_1757609712898	zh	保持我的办公桌整洁！（这才像话！）	\N	google	\N	0.0046	46	completed	\N	\N	2025-09-17 06:13:26.995824+00	2025-11-15 09:36:21.867474+00	\N	t	f	ebe780e0b8e2f1c767f4823700f1410d64b0fc96b3c3d2fa36637d59d46dda7d	master
c6068cf1-3ac1-4f5b-9616-605a69d306f1	node_1755277853186	id	Ingat!\nFrasa sandi bagus! 💪\nKata sandi oke! 🙅	\N	google	\N	0.0049	49	completed	\N	\N	2025-08-26 02:24:25.833718+00	2025-11-15 09:36:21.867474+00	\N	t	f	0224d7b497ea376fca77e3a3bc581de935c99b5ef792bcd4005b9e0c418e28ee	master
5ef2a480-9410-4e11-a125-575723d13bea	node_1758361148242	my	မကြာခင် ထပ်လာပါ!	\N	google	\N	0.0016	16	completed	\N	\N	2025-10-14 00:49:58.620707+00	2025-11-15 09:36:21.867474+00	\N	t	f	241327ca524de3f393b456adcb93994b85150ab07eed1f858831125d33e3b32d	master
d77332fb-eff5-4e02-bf4f-a14b35bb7372	node_1757609879872	id	Jangan bagikan informasi sensitif dengan orang yang tidak berwenang!	\N	google	\N	0.0059	59	completed	\N	\N	2025-09-17 06:13:52.380141+00	2025-11-15 09:36:21.867474+00	\N	t	f	4e6589392b7d6ddbec8e921920858f7baa03027ecddc656c09d27c322ff4c87f	master
342afc30-f548-41e4-b57c-8c8bb727b8be	node_1757609996946	id	Simpan percakapan data pribadi untuk kantor!	\N	google	\N	0.0048	48	completed	\N	\N	2025-09-17 06:13:53.081766+00	2025-11-15 09:36:21.867474+00	\N	t	f	fec7842cff94da0bfbdd95dd1ee28776c4d935a5b686ea05bdc92497fb6f1afb	master
fe18871d-e60f-4e7d-9a58-84008ccda06c	node_1757610137689	zh	销毁敏感数据！	\N	google	\N	0.0024	24	completed	\N	\N	2025-09-17 06:13:31.594611+00	2025-11-15 09:36:21.867474+00	\N	t	f	7f9f7d2ac77fbc213880f7af5683e225b586454926bc4afbe7c01931d66ab1eb	master
96f86b84-90ab-41ee-b864-b29e342d8049	node_1757610238519	zh	下节课见，我的HIB冠军！	\N	google	\N	0.0043	43	completed	\N	\N	2025-09-17 06:13:32.622313+00	2025-11-15 09:36:21.867474+00	\N	t	f	c8e5a3d829605f82ae2f798b1e8cc7df3c51e206227e7b6ec7ebaaa00a7742be	master
bd640508-6bb2-42eb-8aa1-d228b312fed3	node_1757609331589	zh	了解你的政策和流程。	\N	google	\N	0.0033	33	completed	\N	\N	2025-09-17 06:13:33.302701+00	2025-11-15 09:36:21.867474+00	\N	t	f	8b1164eae9be2333c12d5387ba0679595ed46775d930d7ab97521b9cc27363aa	master
c80a1cce-2b95-4829-817d-1ad4b8c500c4	node_1756909595277	id	Entri modul	\N	google	\N	0.0012	12	completed	\N	\N	2025-09-03 14:52:40.224123+00	2025-11-15 09:36:21.867474+00	\N	t	f	f578c958a08d0b2ae85b9a657d670fae52d2805412c654c1f8f6dda7f21e3c76	master
f2cd286c-be91-481f-a63d-f8965744583f	node_1756909595277	my	မော်ဂျူးဝင်ရောက်မှု	\N	google	\N	0.0012	12	completed	\N	\N	2025-09-05 10:17:06.486266+00	2025-11-15 09:36:21.867474+00	\N	t	f	e82813fc8a4fb85147ea476f897b1c9afb22237b30473fbd998dbf081d7c3136	master
7b6d66bd-1e54-44a8-a1de-857da69f1ba9	node_1757609140581	id	Hai! Aku lagi. Senang bertemu denganmu, {{first_name}}!	\N	google	\N	0.0050	50	completed	\N	\N	2025-09-17 06:13:57.457759+00	2025-11-15 09:36:21.867474+00	\N	t	f	20f8726dac8f25647d540b474b381369dba689c6f71905eca320bb89d60e71b6	master
3b96db44-ab30-48fe-9957-565877ea1983	node_1757609140581	zh	嗨！又是我。很高兴见到你，{{first_name}}！	\N	google	\N	0.0050	50	completed	\N	\N	2025-09-17 06:13:33.681435+00	2025-11-15 09:36:21.867474+00	\N	t	f	8be761823d51bfe9fb1f9053c592a7867135e807915e167ef5781d1c7d1779e3	master
d515075c-d1bd-4194-939d-59f0dd4a669b	node_1751487779564	my	မင်္ဂလာပါ {{user_name}}။ ပြန်တွေ့ရတာဝမ်းသာပါတယ်။ 😀	\N	google	\N	0.0005	48	completed	\N	\N	2025-08-25 17:08:46.119962+00	2025-11-15 09:36:21.867474+00	\N	t	f	f03492c788d2dc1c87965c8abcfc279bdef943122211f5f808e11b0479f88109	master
a409048e-6885-46e8-b4c3-20d61d111507	node_1751487834582	my	နောက်ဆုံးသင်ခန်းစာက ဘာလဲဆိုတာ မှတ်မိသေးလား။	\N	google	\N	0.0005	47	completed	\N	\N	2025-08-25 17:08:46.460201+00	2025-11-15 09:36:21.867474+00	\N	t	f	2e53be92612c059a1e36b8da0ee418fe32da7558b6dffbedf36e6e3b4ec5fc22	master
d94e6253-2661-46cf-bf16-0e157b8f12fa	node_1751488212661	my	ရပါပြီ 🥳	\N	google	\N	0.0001	11	completed	\N	\N	2025-08-25 17:08:46.732131+00	2025-11-15 09:36:21.867474+00	\N	t	f	f31f9a339e834ce0690062e5fdffb439a113401faae2d738ff99b60e7f156408	master
2702573e-c2c3-4303-a73c-b6e5f40799f7	node_1757609431962	zh	保护好您的密码！	\N	google	\N	0.0024	24	completed	\N	\N	2025-09-17 06:13:24.152941+00	2025-11-15 09:36:21.867474+00	\N	t	f	83932af20f09493e8bf7cdfee7c841951fb1992e70b397427b48529c34bef7d7	master
96dd1d1e-c146-4936-92cc-572e1038b8c6	node_1757609431962	id	Lindungi frasa sandi Anda!	\N	google	\N	0.0024	24	completed	\N	\N	2025-09-17 06:13:48.064547+00	2025-11-15 09:36:21.867474+00	\N	t	f	43c584b23f96a4080580b6116ed910559b1cc59dad9ffed7ed386f24ad0d433f	master
3c8affc7-848f-4875-be96-306250f21fa5	node_1757609537882	id	Dan jangan membawanya bersamamu!	\N	google	\N	0.0026	26	completed	\N	\N	2025-09-17 06:13:48.81168+00	2025-11-15 09:36:21.867474+00	\N	t	f	30ab0d4218201c523479c1f6d022e6fa134da5bb01bb8acec9fadff08a606a6a	master
966d5ce6-db5a-4113-a75c-f4364c0fcd1c	node_1757609537882	zh	而且不要随身携带！	\N	google	\N	0.0026	26	completed	\N	\N	2025-09-17 06:13:24.864744+00	2025-11-15 09:36:21.867474+00	\N	t	f	a22c35e0578ae1ae88aae4e898e5210e6dd79408f0a2dff2a0a7f863fb90baa0	master
a779f47a-11a4-4584-ac6d-0dc1429bbf35	node_1757609589462	id	Jaga meja Anda tetap bersih! (berantakan sekali!)	\N	google	\N	0.0036	36	completed	\N	\N	2025-09-17 06:13:49.180295+00	2025-11-15 09:36:21.867474+00	\N	t	f	bcb8fee5ad2aad7ed620965e7b56685139408c0f35c4fc8dc311da38781f4434	master
92dc2767-0c24-4514-a056-4db390e199fd	node_1757609589462	zh	保持桌面整洁！（真是乱糟糟的！）	\N	google	\N	0.0036	36	completed	\N	\N	2025-09-17 06:13:25.580547+00	2025-11-15 09:36:21.867474+00	\N	t	f	bcdec1ea7127a8bdefe7c2b7e572fe1088478b77aebc0be96f610a4c7918298a	master
5925db30-9c26-44fc-8ab8-20e5f9b4aa08	node_1757609669204	id	Jangan tinggalkan komputer Anda tanpa pengawasan!	\N	google	\N	0.0037	37	completed	\N	\N	2025-09-17 06:13:49.900487+00	2025-11-15 09:36:21.867474+00	\N	t	f	603974049c75c6c7e5171bddfe4ae88d4ba9fdb33be8e185da57054bf0f0cf2e	master
996e2e30-75da-4806-b221-6e9606981c13	node_1757609669204	zh	不要让你的电脑无人看管！	\N	google	\N	0.0037	37	completed	\N	\N	2025-09-17 06:13:26.284445+00	2025-11-15 09:36:21.867474+00	\N	t	f	85c38b1a05988493ab93e0a4c4442366b48a61bd0037576f028137a88f803ded	master
ad81f064-7af7-489a-9b89-b93f4aebbed8	node_1757609712898	id	Jaga meja saya tetap bersih! (Nah, itu lebih tepatnya!)	\N	google	\N	0.0046	46	completed	\N	\N	2025-09-17 06:13:50.268032+00	2025-11-15 09:36:21.867474+00	\N	t	f	ae1f6174c0df0ace44d91f233aece1985bd61487c551dd73f47d6548695e8936	master
97fac20b-db69-4ad9-bd84-69f280ea0d05	node_1754668540039	id	PASSPHRASE adalah frasa yang mengandung setidaknya 5 kata; 12+ karakter; terdiri dari huruf besar, huruf kecil, angka, karakter khusus, & spasi	\N	google	\N	0.0135	135	completed	\N	\N	2025-08-26 02:24:17.58155+00	2025-11-15 09:36:21.867474+00	\N	t	f	bcfc7ada3b94685732f36abb02377a8b15c83d623ef7221c0b8f652bf66bbbc7	master
d2e61408-0f92-4a34-999e-024915f5c646	node_1754668540039	my	PASSPHRASE သည် အနည်းဆုံး စာလုံး 5 လုံးပါရှိသော စကားစုတစ်ခုဖြစ်သည်။ စာလုံး 12+ လုံး၊ စာလုံးအကြီး၊ အသေး၊ နံပါတ်၊ အထူးအက္ခရာနှင့် နေရာလွတ်တို့ ပါဝင်သည်။	\N	google	\N	0.0014	135	completed	\N	\N	2025-08-16 10:09:23.620061+00	2025-11-15 09:36:21.867474+00	\N	t	f	d37b56014fcbc39b54ea3c252bd8b0f40555d7ed10315806764ccff783794a00	master
5a25e31d-0b44-458b-9447-03290ba4fd80	node_1754668540039	zh	密码短语是指至少包含 5 个单词、12 个以上字符，且包含大写字母、小写字母、数字、特殊字符和空格的短语。	\N	google	\N	0.0135	135	completed	\N	\N	2025-09-17 10:32:32.585362+00	2025-11-15 09:36:21.867474+00	\N	t	f	242a3f8a0c981c18eeb360fc190fc1b26917100771de06a6a8a52bd0443ec87f	master
3e477929-6b67-4386-887f-1045da4b5994	node_1754668589676	my	ပိုကြာလေ ပိုကောင်းလေပါပဲ။	\N	google	\N	0.0002	16	completed	\N	\N	2025-08-16 10:09:24.59356+00	2025-11-15 09:36:21.867474+00	\N	t	f	0d574edaf19c114405b80ea433c3eb6ca7cfa3f32579db01f65f7a8ea48c1040	master
0facb426-1a8b-4071-bae0-72bb5f1ad22e	node_1754668589676	id	Lebih lama lebih baik	\N	google	\N	0.0016	16	completed	\N	\N	2025-08-26 02:24:18.566851+00	2025-11-15 09:36:21.867474+00	\N	t	f	33c5eb088b42ce23358c31d74fe7be7780a758d8eb0fc54c72661e65a184fadc	master
68e85a4f-ff71-4cf2-8314-706a3e0b24ba	node_1754668589676	zh	时间越长越好	\N	google	\N	0.0016	16	completed	\N	\N	2025-09-17 10:32:33.295815+00	2025-11-15 09:36:21.867474+00	\N	t	f	b86074d06f30920a93256a2fd57a656daced8285e82fd74c6b3acd7c6c426845	master
851ffa33-f548-4bfe-bb6e-56c00805690a	node_1755277203802	id	Gunakan frasa sandi yang berbeda untuk akun yang berbeda & ubahlah secara berkala\n	\N	google	\N	0.0069	69	completed	\N	\N	2025-08-26 02:24:19.95345+00	2025-11-15 09:36:21.867474+00	\N	t	f	8080d177dbcf6081def2e80fcb0bf350a353cb009a5671dc31c694e30e60a158	master
0b3ad002-8b47-477b-b31c-46747916d660	node_1755277203802	my	မတူညီသောအကောင့်များအတွက် မတူညီသော စကားဝှက်များကို အသုံးပြုပြီး ၎င်းတို့ကို မကြာခဏ ပြောင်းလဲပါ။\n	\N	google	\N	0.0007	69	completed	\N	\N	2025-08-16 10:09:25.519355+00	2025-11-15 09:36:21.867474+00	\N	t	f	a101dbacf2caf23129703f5a8820e4057f56f06f5699188be3ec55cda5073cba	master
2189fa2b-cb89-4446-8133-95304995e466	node_1755277203802	zh	为不同的账户使用不同的密码短语，并经常更改。\n\n	\N	google	\N	0.0069	69	completed	\N	\N	2025-09-17 10:32:34.301753+00	2025-11-15 09:36:21.867474+00	\N	t	f	14b44aea6720b167327d09c9f9049e2715eef65ee7d0cbf27ccea2e0711449ef	master
56879a05-22e9-4674-9d86-54fe56659746	node_1755277494990	my	PASSPHRASE 👍 - စာလုံး 5 လုံး သို့မဟုတ် ထို့ထက်ပိုသော အမှတ်ရဖွယ်စီးရီးတစ်ခု၊ သဒ္ဒါမှန်ကန်ရန် မလိုအပ်ဘဲ 14+ စာလုံးကြီး၊ အသေး၊ နံပါတ်၊ အထူးအက္ခရာ၊ နေရာလွတ်\n\tဥပမာ Black Sky And Green Water @6Dawn [စာလုံး 32 လုံး] 	\N	google	\N	0.0022	218	completed	\N	\N	2025-08-16 10:09:27.046318+00	2025-11-15 09:36:21.867474+00	\N	t	f	7548afb50db17821686cca48c964b7f667a1070dc3dae60f518ecf0aa663038e	master
3387cec2-8e04-4f03-9ac9-eacd0e8c41d9	node_1755277494990	id	FRASA SANDI 👍 – rangkaian 5 kata atau lebih yang mudah diingat, belum tentu tata bahasanya benar, menggunakan 14+ huruf besar, huruf kecil, angka, karakter khusus, dan spasi\nContoh: Black Sky And Green Water @6Dawn [32 karakter]	\N	google	\N	0.0218	218	completed	\N	\N	2025-08-26 02:24:22.117561+00	2025-11-15 09:36:21.867474+00	\N	t	f	83b1719414047ba1767066917d99a19f64453a927020bffb4fd40e66be42bfc7	master
3f80e031-6113-435b-a75d-060bafe2d98a	node_1755277494990	zh	密码短语 👍 – 一个由 5 个或更多单词组成的易记短语，语法不限，包含 14 个以上的大写字母、小写字母、数字、特殊字符和空格。\n\n例如：Black Sky And Green Water @6Dawn [32 个字符]	\N	google	\N	0.0218	218	completed	\N	\N	2025-09-17 10:32:35.229484+00	2025-11-15 09:36:21.867474+00	\N	t	f	2f03bde502477ecede55c984b649aa9e58eedfe2cfb9e20aea5e70f47a8287e6	master
70c2903b-c10a-4dad-9953-7a2a0ca06584	node_1755277607191	id	Ubah frasa sandi Anda segera setelah Anda menduga kata sandi Anda telah dibobol	\N	google	\N	0.0069	69	completed	\N	\N	2025-08-26 02:24:22.770456+00	2025-11-15 09:36:21.867474+00	\N	t	f	92d81d8894245e7eec464cc7c9e42db86cf024e7057d42006ae63e4f35adae02	master
80346bf7-1963-4a13-8019-6dce26c01ea1	node_1755277607191	my	သင့်စကားဝှက်ကို အပေးအယူလုပ်သည်ဟု သင်သံသယရှိလျှင် ချက်ချင်းပြောင်းပါ။	\N	google	\N	0.0007	69	completed	\N	\N	2025-08-16 10:09:27.615171+00	2025-11-15 09:36:21.867474+00	\N	t	f	cf2d9242333578830a55c285e75c801353fd826f8bdb9d21243d21feb15b492b	master
809cb3c8-9548-42f1-8baa-a5946fe94e5a	node_1755277607191	zh	一旦怀疑密码已被泄露，请立即更改密码。	\N	google	\N	0.0069	69	completed	\N	\N	2025-09-17 10:32:35.595597+00	2025-11-15 09:36:21.867474+00	\N	t	f	03a7bf395282aba92d270ba19d5b4f44da89b2ef62ff2ae326b28bbaa1e58945	master
2a343a66-a100-4b38-9066-f0acc536c30a	node_1756919513906	my	မေးခွန်း	\N	google	\N	0.0008	8	completed	\N	\N	2025-09-05 10:17:03.856737+00	2025-11-15 09:36:21.867474+00	\N	t	f	6c301ce578d7d0cf7ea040a817c54232aa5b567763c5d7db3cc6a01ccc88257e	master
7757afcb-dfad-494f-8b53-0e8c726470f2	node_1756919513906	id	pertanyaan	\N	google	\N	0.0008	8	completed	\N	\N	2025-09-05 10:18:28.548564+00	2025-11-15 09:36:21.867474+00	\N	t	f	30037570840c22b71c27121cfac1053aeb8d1e57757d3b9f7fd3e97c33714678	master
c19cd285-b2e3-4daa-a6bc-6e2f73658e8f	node_1755277491520	id	PASSWORD 👎 – menggunakan rangkaian acak 14+ huruf besar, huruf kecil, angka, karakter khusus, dan spasi\nmisalnya Il0veMyMama32! [14 karakter]	\N	google	\N	0.0136	136	completed	\N	\N	2025-08-26 02:24:20.635136+00	2025-11-15 09:36:21.867474+00	\N	t	f	f07b377364f709406ce64e923fbf2209923c65a8e56ed1b2beb197c975ea4aaf	master
924b511a-2daa-4dc8-bd1a-9f1d94a3a015	node_1755277491520	my	PASSWORD 👎 - 14+ အထက်စာလုံး၊ အသေး၊ နံပါတ်၊ အထူးအက္ခရာ၊ နေရာလွတ်ကို ကျပန်းစီးရီးကို အသုံးပြုခြင်း။\n\tဥပမာ Retwa Dan Nrgee ysK klacB @nwaD6 [စာလုံး 32 လုံး]	\N	google	\N	0.0015	154	completed	\N	\N	2025-08-16 10:09:26.482848+00	2025-11-15 09:36:21.867474+00	\N	t	f	f1ffaa91230ed2146e727f240c7de53b63cede80ee882555ef2fb4a9d747b827	master
14e482b7-9d00-4946-9975-592ad772a891	node_1755277491520	zh	密码👎 – 使用由14个以上大写字母、小写字母、数字、特殊字符和空格组成的随机序列\n\n例如：Il0veMyMama! [12个字符]	\N	google	\N	0.0134	134	completed	\N	\N	2025-09-17 10:32:36.369176+00	2025-11-15 09:36:21.867474+00	\N	t	f	77193747c1f5e856047994371c199d3bfe1712d6292e9ebe40ab2cd5b887b0f5	master
75c813ca-d086-494b-adce-9eb6a0691559	node_1755277634673	id	Lengkapi frasa sandi dengan autentikasi multifaktor:\nbiometrik (sidik jari atau pengenalan wajah); dan/atau\nautentikasi (Authy, Google Authenticator, Microsoft Authenticator)\nAutentikasi SMS atau email (tanpa ponsel pintar/alasan lain)\n	\N	google	\N	0.0240	240	completed	\N	\N	2025-08-26 02:24:24.203146+00	2025-11-15 09:36:21.867474+00	\N	t	f	95539713b97c7753065ee4ec6ff22ccd4d3e60ddafe48151b79983586b4df7d6	master
1222be41-80b8-4d80-b28b-0d6ce7f1e7ed	node_1755277634673	my	Multi-factor စစ်မှန်ကြောင်းအထောက်အထားပြခြင်းဖြင့် စကားဝှက်များကို တိုးမြှင့်ခြင်း-\nဇီဝဗေဒဆိုင်ရာများ (လက်ဗွေ သို့မဟုတ် မျက်နှာမှတ်မိခြင်း)၊ နှင့်/သို့မဟုတ်\nစစ်မှန်ကြောင်းအထောက်အထားပြသူများ (Authy၊ Google Authenticator၊ Microsoft Authenticator)\nSMS သို့မဟုတ် အီးမေးလ် စစ်မှန်ကြောင်းအထောက်အထားပြခြင်း (စမတ်ဖုန်း / အခြားအကြောင်းရင်းများ မရှိပါ)\n	\N	google	\N	0.0024	240	completed	\N	\N	2025-08-16 10:09:28.937828+00	2025-11-15 09:36:21.867474+00	\N	t	f	21fcec0cd34c4bc5b83bde5c5d2aea90c9cec608f9eed5b76251a294b0760d89	master
b8c8eddd-d659-457c-b5c1-904459cc22f6	node_1755277634673	zh	使用多因素身份验证增强密码短语：\n\n生物识别（指纹或面部识别）；和/或\n\n身份验证器（Authy、Google Authenticator、Microsoft Authenticator）\n\n短信或电子邮件身份验证（无智能手机/其他原因）\n\n	\N	google	\N	0.0240	240	completed	\N	\N	2025-09-17 10:32:37.145847+00	2025-11-15 09:36:21.867474+00	\N	t	f	7e341290b6727a41cf8956755b32bb52845864e113ea17f4cc8df17f0557c248	master
4c8c1c0c-3b96-4842-854a-6257988c5ff5	node_1757595912791	zh	让我们看看在执行日常工作任务时必须遵循哪些网络安全和数据安全卫生实践。	\N	google	\N	0.0120	120	completed	\N	\N	2025-09-17 07:22:31.429237+00	2025-11-15 09:36:21.867474+00	\N	t	f	bf480eddae80efed43ee4f0e1d32e24c12cad4cd6e58bd41bb3df070ad9ae1dd	master
21b71506-bec1-47d3-a30f-d56ec116f306	node_1755277853186	my	အမြန်ပြန်လာပါ။ မင်းကိုလွမ်းလိမ့်မယ်!	\N	google	\N	0.0003	31	completed	\N	\N	2025-08-16 10:09:30.467786+00	2025-11-15 09:36:21.867474+00	\N	t	f	5ec5981f0db7d50ddee97ae056834951571b60e0ddad69a038c90fe7cccc56da	master
cfb7d016-338c-4717-8793-01cd8e7183ad	node_1755277853186	zh	记住！\n\n口令短语很棒！💪\n\n密码也行！🙅	\N	google	\N	0.0049	49	completed	\N	\N	2025-09-17 10:32:37.483574+00	2025-11-15 09:36:21.867474+00	\N	t	f	e1a6ca469762f6234fef3fab6aca191de5767cb74b957360d3202582b685ccca	master
764307f1-8db0-410e-a651-3e8cfe9a65e5	node_1756909646747	id	selamat tinggal	\N	google	\N	0.0007	7	completed	\N	\N	2025-09-03 14:52:41.621689+00	2025-11-15 09:36:21.867474+00	\N	t	f	22d8a8128aebc1837acce3c0317c6f1b174a1d2caa17f3a4cc9e95f4881de357	master
92612705-607b-469f-aa23-cdbb8e60fd9e	node_1757595841713	zh	你好 {{first_name}}！现在你应该知道为什么 HIB 是必要的，以及 HIB 涵盖的关键领域了。	\N	google	\N	0.0104	104	completed	\N	\N	2025-09-17 07:22:31.762909+00	2025-11-15 09:36:21.867474+00	\N	t	f	806d43c26c1bf906432ff0e75b6f01acb7791278290064c92d42bbff9c813441	master
1b05aede-98a3-4149-bc54-a0e687712e99	node_1754667499326	id	Berikut adalah beberapa praktik terbaik untuk membuat kata sandi.	\N	google	\N	0.0052	52	completed	\N	\N	2025-08-26 02:24:15.818451+00	2025-11-15 09:36:21.867474+00	\N	t	f	db26995c5c4e2e8a0866f92c7de8bcfe05f6b4c747f6b1155d8c81303c3b3409	master
8910e164-cc5d-4ace-b56a-29ad6ec6b80f	node_1754667499326	my	ဤသည်မှာ စကားဝှက်များဖန်တီးရန်အတွက် အကောင်းဆုံးအလေ့အကျင့်အချို့ဖြစ်သည်။	\N	google	\N	0.0005	52	completed	\N	\N	2025-08-16 10:09:21.315135+00	2025-11-15 09:36:21.867474+00	\N	t	f	d6d2501ca5bc5462d8b4dce8e0bd4528b377136f641007255ace0c22e51eef40	master
e681ee75-198e-40ff-a015-3fe80b7fdcfa	node_1754667499326	zh	以下是一些创建密码的最佳实践。	\N	google	\N	0.0052	52	completed	\N	\N	2025-09-17 10:32:37.805042+00	2025-11-15 09:36:21.867474+00	\N	t	f	90015d56cb4bbd3772291ed81b55082f49567a3b34a47e1e18c0c04a3887a5e2	master
63da06db-54b5-4327-8c34-a2ab70be0c74	node_1754667511613	id	Sebaiknya gunakan frasa sandi - itu lebih baik. Lebih mudah diingat dan jika digunakan dengan benar, lebih sulit dibobol!	\N	google	\N	0.0103	103	completed	\N	\N	2025-08-26 02:24:16.510359+00	2025-11-15 09:36:21.867474+00	\N	t	f	6322a62a989ba76efaf405288e63256f49c573dce507832a410086a025be46ab	master
5a4b3598-a11e-485a-85d7-71c828c7db3a	node_1754667511613	my	စကားဝှက်တွေကို ကောင်းကောင်းသုံးပါ - သူတို့က ပိုကောင်းပါတယ်။ ၎င်းတို့သည် မှတ်မိရန် ပိုမိုလွယ်ကူပြီး မှန်ကန်ပါက ကွဲရန် ပိုမိုခက်ခဲသည်။	\N	google	\N	0.0010	103	completed	\N	\N	2025-08-16 10:09:22.653679+00	2025-11-15 09:36:21.867474+00	\N	t	f	2fbf91433ef85c3c755eef777afe643cc7779cb92a3ad7b0a6a3a89dfd86e5f5	master
65ab76ee-194d-4e30-aa33-ef61ac181fd0	node_1754667511613	zh	使用密码短语——它们更好。它们更容易记住，而且如果设置正确，更难破解！	\N	google	\N	0.0098	98	completed	\N	\N	2025-09-17 10:32:38.581782+00	2025-11-15 09:36:21.867474+00	\N	t	f	22c18b1c71613281fe2cc65ef5b3e7192bcc37519d7f9fbe2da4b38ed47771f1	master
30d17dd7-e99a-4669-9158-de1d3e5778cc	node_1758361148242	id	Datang lagi segera!	\N	google	\N	0.0016	16	completed	\N	\N	2025-09-26 03:30:53.258997+00	2025-11-15 09:36:21.867474+00	\N	t	f	dc27673bbed0851bb2e72cae060831ceb9279185454f39263ae626b26ffcb1b0	master
7a6027a6-551c-4dd7-a021-ea7dc7725d9a	node_1751562532512	my	အေးပါ! နောက်သင်ခန်းစာမှာတွေ့မယ်။	\N	google	\N	0.0003	33	completed	\N	\N	2025-08-25 17:08:46.996733+00	2025-11-15 09:36:21.867474+00	\N	t	f	555aabfcad112b1ad5ea6b75a3d67eb835619d801fd02b9b7ce3db9647dc4833	master
a11392c7-18bf-4117-aaf0-db49e377de6d	node_1757609876618	zh	请先征得许可！这不是你的数据！	\N	google	\N	0.0035	35	completed	\N	\N	2025-09-17 06:13:27.703147+00	2025-11-15 09:36:21.867474+00	\N	t	f	d2b66ae8e42945c35cd22e1f497138954d545bcb7afd8ca7b5365691442592f4	master
13df1346-dc8b-4263-833c-0b35ef38a98a	node_1757609876618	id	Minta izin! Itu bukan data Anda!	\N	google	\N	0.0035	35	completed	\N	\N	2025-09-17 06:13:50.967909+00	2025-11-15 09:36:21.867474+00	\N	t	f	21ecc07882ffd3101cca000ae53d2d65c41b5a23a85a97effb3302c8832b5370	master
424d1154-ade5-4cea-97e6-cc4b8b08ab27	node_1751488500220	my	အိုကေ	\N	google	\N	0.0000	2	completed	\N	\N	2025-08-25 17:08:48.911901+00	2025-11-15 09:36:21.867474+00	\N	t	f	04448a0fc1c33b7056dab2955917fbb56f5638bebe5e6eac09eeb56b46e15239	master
10762ad5-0932-4dfd-ba8a-3fe4949ec277	node_1757609768876	zh	封锁！	\N	google	\N	0.0014	14	completed	\N	\N	2025-09-17 06:13:28.453509+00	2025-11-15 09:36:21.867474+00	\N	t	f	a1d68868d6ae62164b6acfe6e0268865f9004f67413ae38afef5318db23c819a	master
3f877fc6-daba-422e-af51-14e25d62c8ac	node_1757609768876	id	Kunci itu!	\N	google	\N	0.0014	14	completed	\N	\N	2025-09-17 06:13:51.319997+00	2025-11-15 09:36:21.867474+00	\N	t	f	8e96d867e817229df6f35269fd1ce234463a9e6eeee529edc5dd512b6d976969	master
3deafc39-c060-4114-93df-3ee0fb63c3b5	node_1755401924746	id	Selamat pagi {{user_name}}!	\N	google	\N	0.0027	27	completed	\N	\N	2025-08-26 02:24:44.368158+00	2025-11-15 09:36:21.867474+00	\N	t	f	ab7376a5990d93bd89d23cd3b3e0226f930705f8e1b3bd8397f18e46449c062d	master
b37c171a-b5eb-4918-b97d-8b3de8f79a10	node_1755401924746	my	မင်္ဂလာနံနက်ခင်းပါ {{user_name}}။	\N	google	\N	0.0027	27	completed	\N	\N	2025-08-26 01:45:18.755376+00	2025-11-15 09:36:21.867474+00	\N	t	f	38e9de6a3afe5a1a85aa7ef5c66a0ed42394b8e599786484e74a4d9331ef1d5e	master
08a8b8ae-88a3-4e48-9922-236ed6e63c44	node_1756920404364	my	သေခြင်းမှပြန်	\N	google	\N	0.0018	18	completed	\N	\N	2025-09-08 05:45:37.02369+00	2025-11-15 09:36:21.867474+00	\N	t	f	8088b386ef9515edd56f3d2d985f96eb02a4a7af08c4890cbc50262700c3ff56	master
b60816b3-8f36-4c47-a94f-28fcbc81cc47	node_1756920404364	id	kembali dari kematian	\N	google	\N	0.0018	18	completed	\N	\N	2025-09-08 05:45:27.195604+00	2025-11-15 09:36:21.867474+00	\N	t	f	eb1d5fbba2431e21706b94b15f17e9302f134a85d782ab06b593b5a44a8e8ccb	master
2c56053f-e81e-4c58-98c2-104a7eb7184c	node_1757609832971	zh	把它锁起来！	\N	google	\N	0.0013	13	completed	\N	\N	2025-09-17 06:13:29.154981+00	2025-11-15 09:36:21.867474+00	\N	t	f	8a49a912ad3610240836c59035cec5162f796ecc67f8bc380bfaa5241c420992	master
2b7eea52-293e-40fc-849e-2238fffc22bd	node_1757609832971	id	Kunci itu!	\N	google	\N	0.0013	13	completed	\N	\N	2025-09-17 06:13:52.035103+00	2025-11-15 09:36:21.867474+00	\N	t	f	8e96d867e817229df6f35269fd1ce234463a9e6eeee529edc5dd512b6d976969	master
6083e852-9999-4e9a-85e5-13bc08802884	node_1757609879872	zh	不要与未经授权的人员分享敏感信息！	\N	google	\N	0.0059	59	completed	\N	\N	2025-09-17 06:13:29.927214+00	2025-11-15 09:36:21.867474+00	\N	t	f	9abce9eac25b4693c5b7747b0db2265e13ff5d5d5fa1749e423ec63b065ecb46	master
a7cb6231-1120-4b8b-9f37-cf7c98e1d0e5	node_1757609996946	zh	请勿在办公室谈论个人数据！	\N	google	\N	0.0048	48	completed	\N	\N	2025-09-17 06:13:30.83677+00	2025-11-15 09:36:21.867474+00	\N	t	f	c2cf792c7c3eb69fc32c53a06808e450af64c0bad27a5eee13bc65e2c1fb76cc	master
90ca8fa3-de47-4026-837a-22c5738d8de0	node_1757610067359	id	Jangan buang data sensitif...	\N	google	\N	0.0029	29	completed	\N	\N	2025-09-17 06:13:53.513723+00	2025-11-15 09:36:21.867474+00	\N	t	f	4c86953cba519e424cd850a4a9e21dab606974c9dca5eed4aa7611d289ea6458	master
6ce751ca-3293-47a2-9288-f10e3cc9b2f1	node_1757610067359	zh	不要丢弃敏感数据……	\N	google	\N	0.0029	29	completed	\N	\N	2025-09-17 06:13:31.20497+00	2025-11-15 09:36:21.867474+00	\N	t	f	77cf4c048d74c046084c88d4843c4e2e1592a47b91d8c07cf190bbc90a3391be	master
1ea36290-a640-4ab3-9662-9a278e61448d	node_1757610137689	id	...Hancurkan data sensitif!	\N	google	\N	0.0024	24	completed	\N	\N	2025-09-17 06:13:53.865888+00	2025-11-15 09:36:21.867474+00	\N	t	f	fe1f777fac5bcb664b38cf35ae84929728e07cfd44085b5c92b1158043cda2f1	master
d5d3decf-ae25-487b-bb94-aa591c9294ee	node_1757610188634	zh	这样一来，你就拥有了HIB作弊码！	\N	google	\N	0.0050	50	completed	\N	\N	2025-09-17 06:13:32.302455+00	2025-11-15 09:36:21.867474+00	\N	t	f	e5193a7d9bdf3827c25c6b8cbb6ded788ab5e20299e59013d6e0ae88187cbd4c	master
3694c323-839d-4bad-a27f-0b08428dc72a	node_1757610188634	id	Dan dengan itu - Anda sekarang memiliki kode cheat HIB!	\N	google	\N	0.0050	50	completed	\N	\N	2025-09-17 06:13:54.609197+00	2025-11-15 09:36:21.867474+00	\N	t	f	493247750fb0cbe35aafcb82ebbc2ff29047a3b5405545fbde1827c959f3ff08	master
bd756fd6-0516-4cdd-9b8e-6414d192b17b	node_1757610238519	id	Sampai jumpa di pelajaran berikutnya, Juara HIB-ku!	\N	google	\N	0.0043	43	completed	\N	\N	2025-09-17 06:13:55.339911+00	2025-11-15 09:36:21.867474+00	\N	t	f	6983ba0282eb0d4a685d60ccddbf21c2170de41dd4a5b12151355489cc6555f3	master
3b4e4144-296a-4ae7-a916-9b436b263e51	node_1751488246160	my	အရမ်းကောင်းတယ်! ကောင်းတယ် သူငယ်ချင်း။ 🥳	\N	google	\N	0.0003	29	completed	\N	\N	2025-08-25 17:08:48.708175+00	2025-11-15 09:36:21.867474+00	\N	t	f	269e69c03efde9125909bf745e5e07f84264d92eb04f319c8ffaa661c528637a	master
28529291-403b-4c08-9f4c-117528902421	node_1757640174939	zh	让我们从管理您的密码开始。	\N	google	\N	0.0041	41	completed	\N	\N	2025-09-17 07:22:22.562753+00	2025-11-15 09:36:21.867474+00	\N	t	f	8095c3052503d68ddf5de0af27786857345013df686c58b16a5cbeca48cda26b	master
08db48f4-d7dc-4c07-801f-4fb754e51822	node_1757640238866	zh	好的。虽然密码很好，但网络安全局 (CSA) 建议使用密码短语。希望我说的清楚……	\N	google	\N	0.0111	111	completed	\N	\N	2025-09-17 07:22:22.952829+00	2025-11-15 09:36:21.867474+00	\N	t	f	bd207bcbc108d7b674ec7cad8c4f7f190b7c06b2c44c4526286f38b395f17649	master
de1b0eac-9794-40a3-a69f-a95b11adcc9b	node_1757640044013	zh	你好 {{first_name}}！现在你应该知道为什么 HIB 是必要的，以及 HIB 涵盖的关键领域了。	\N	google	\N	0.0104	104	completed	\N	\N	2025-09-17 07:22:23.369265+00	2025-11-15 09:36:21.867474+00	\N	t	f	806d43c26c1bf906432ff0e75b6f01acb7791278290064c92d42bbff9c813441	master
6b57a491-7d47-4e63-a40c-4c2a8fe75f21	node_1757640104811	zh	让我们看看您在执行日常工作任务时必须遵循的网络安全和数据安全卫生实践。	\N	google	\N	0.0119	119	completed	\N	\N	2025-09-17 07:22:24.066631+00	2025-11-15 09:36:21.867474+00	\N	t	f	5fe9bc6a4f72c1fc9b7deab1a8a8f0a9a49c916cfe4e26fcdb45487504bfa774	master
687bd938-9e48-407d-8ab0-c591ab3f5504	node_1757637935858	zh	当然可以。试试看。你会了解到你的组织希望你做的一些事情。	\N	google	\N	0.0091	91	completed	\N	\N	2025-09-17 06:13:32.961496+00	2025-11-15 09:36:21.867474+00	\N	t	f	fe12e1f4e986d1d8b5ecca8c02ee25fe3ec0a6562d8cb8d1451b5a76100b9aa6	master
e0a05253-01d4-49f9-a47b-ae8d98fe0a3a	node_1757637935858	id	Tentu saja. Cobalah. Anda akan mempelajari beberapa hal yang diharapkan organisasi Anda lakukan.	\N	google	\N	0.0091	91	completed	\N	\N	2025-09-17 06:13:56.067543+00	2025-11-15 09:36:21.867474+00	\N	t	f	7f8778a9bdeb86ea30ba6a4a593d2bba28067afca512c0520501258325c0b9a0	master
171e1f01-74c1-41d1-b73e-c700c14a9cea	node_1757639016271	zh	真为你高兴。但你可能需要记住几个不同账户的长密码。到时候怎么办？	\N	google	\N	0.0111	111	completed	\N	\N	2025-09-17 10:32:39.317282+00	2025-11-15 09:36:21.867474+00	\N	t	f	e4e3bd848475c3265d8501c573127ec2b54a145cd89cb1332b9a4fd28fd4daed	master
e24637d1-227f-4423-8f91-fa3a41941dd2	node_1751487870633	my	2FA၊ MFA - မှန်တယ်!💃	\N	google	\N	0.0003	26	completed	\N	\N	2025-08-25 17:08:47.276377+00	2025-11-15 09:36:21.867474+00	\N	t	f	a281a1ca90921590f9c5bf8afe0f659e37ffca1253a73ca67ecda747d3f43e06	master
9f32f671-c60a-4ad9-bbcb-294793f97e0c	node_1751487909702	my	Multi- Factor သို့မဟုတ် 2- Factor authentication အကြောင်း၊\nမှတ်မိလား 🧐	\N	google	\N	0.0007	69	completed	\N	\N	2025-08-25 17:08:47.607812+00	2025-11-15 09:36:21.867474+00	\N	t	f	67540664f6fcf8950112945414674ee14ec2402b79425b82d11e182d1ce8591a	master
74e8d68d-241f-4f45-87e0-0f1c449bdc43	node_1751487924665	my	သင့်အကောင့်သည် များစွာ၊ ပိုမိုလုံခြုံကြောင်း သေချာစေရန် နောက်ထပ် အနည်းငယ်သော အဆင့်။	\N	google	\N	0.0007	68	completed	\N	\N	2025-08-25 17:08:47.887449+00	2025-11-15 09:36:21.867474+00	\N	t	f	20ee1af4cb77b9c3473f3565d2e57da1f5da84886370aa65a730163bbae96cb4	master
5df5841a-64a3-4846-a763-faf0cc7dc2c7	node_1751488074223	my	အဆိုပါအပိုင်းကို လိုက်ကြည့်နေသည့် အကောင့်များတွင် လုံခြုံရေးဆက်တင်များကို သင်ပြောင်းလဲထားပါသလား။	\N	google	\N	0.0008	76	completed	\N	\N	2025-08-25 17:08:48.155202+00	2025-11-15 09:36:21.867474+00	\N	t	f	23a7eb9c32095bf189592cf207fa7ccd66bb89a69ea767110db8fa0a5b3da0d2	master
b27267b3-a334-4a2c-b3e8-0eb6c314a225	node_1751488180867	my	မိုက်တယ်! သင်တကယ်လုပ်နိုင်ဖို့ အကြံဥာဏ်တစ်ခု လိုချင်ပါသလား။	\N	google	\N	0.0005	45	completed	\N	\N	2025-08-25 17:08:48.436319+00	2025-11-15 09:36:21.867474+00	\N	t	f	a496a6ca4194d35aa2bdabcae5f21329b2164e94ddf364a98d9c99af9596da5d	master
f33fb154-9177-45b1-9f2f-a16b58398f10	node_1751488555592	my	သင်ပြောင်းလဲမည့်အကောင့်များကို မှတ်သားခြင်းဖြင့် စတင်ပါ။	\N	google	\N	0.0005	53	completed	\N	\N	2025-08-25 17:08:49.189925+00	2025-11-15 09:36:21.867474+00	\N	t	f	a4dcc3885c677a1afb313ad834fe4250f06be785dc3edc0cf24e0c2c37c0eabb	master
fd6d2748-1242-4b5e-b018-d0fe46d9aa33	node_1751489016938	my	ပြီးတော့ သူတို့ကို ပြောင်းဖို့ စီစဉ်တဲ့အခါ။	\N	google	\N	0.0003	33	completed	\N	\N	2025-08-25 17:08:49.458954+00	2025-11-15 09:36:21.867474+00	\N	t	f	2a62bf10b0a710d1e5657efe9c692d52fed7c7cacf00afb040928fffd3e96209	master
3fcaabe0-98cb-4aac-9fdc-0433b6e2457f	node_1751560762312	my	ဤစိတ်ပိုင်းဆိုင်ရာလှည့်ကွက်သည် သင့်စိတ်ထဲတွင် ကြိုတင်စီစဉ်ထားပြီးဖြစ်သောကြောင့် တစ်ခုခုလုပ်ရန် အလားအလာပိုများစေသည်။	\N	google	\N	0.0012	122	completed	\N	\N	2025-08-25 17:08:49.743832+00	2025-11-15 09:36:21.867474+00	\N	t	f	3a719fffd9a4efa1d317ccb70af8819309441cf5975b5ebfe09d4eb341f2e4d0	master
c7c6a535-a97b-49d9-8ec4-945d0e62a376	node_1757609331589	id	Ketahui kebijakan & prosedur Anda.	\N	google	\N	0.0033	33	completed	\N	\N	2025-09-17 06:13:56.760523+00	2025-11-15 09:36:21.867474+00	\N	t	f	ab996021b232c304cc5a587331c74092b6616e780e572e12ed4dba3c048ec7bf	master
11842b2e-5623-42fe-9b33-1193d6da4693	node_1757640306739	zh	下次再见！与此同时，继续努力，创造一些很棒的密码吧。😃	\N	google	\N	0.0088	88	completed	\N	\N	2025-09-17 07:22:24.412993+00	2025-11-15 09:36:21.867474+00	\N	t	f	ee794f4af70944f70768b423c5239cc32868e704bc4e71e1ffce1cee160c6ac0	master
1aef2497-b60a-4af9-bc0e-aac79ea05de4	node_1756908660357	id	nama iso: {{iso_name}}\nemail iso: {{iso_email}}\n	\N	google	\N	0.0048	48	completed	\N	\N	2025-09-08 05:45:27.999225+00	2025-11-15 09:36:21.867474+00	\N	t	f	8bf520a71467de290fed18e715b10b7178883539f99868dfcb4ad19ac6d78207	master
f63bc37c-a5d3-4354-9a3d-e7a3d2ada21e	node_1756908660357	my	iso အမည်- {{iso_name}}\niso အီးမေးလ်- {{iso_email}}\n	\N	google	\N	0.0048	48	completed	\N	\N	2025-09-08 05:45:37.852024+00	2025-11-15 09:36:21.867474+00	\N	t	f	aa8913a30b4b4eaf8c2cc6f38feb640a99754b5f2d584df5aa3f30d57afbb352	master
e24bf796-107f-47af-a134-8a7771cb6cbc	node_1757609183518	zh	听说你喜欢玩游戏。我做了一些作弊码，就像给你的游戏用的那种，不过这次是给HIB数据保护用的！（我知道——很无聊！）	\N	google	\N	0.0138	138	completed	\N	\N	2025-09-17 06:13:33.999655+00	2025-11-15 09:36:21.867474+00	\N	t	f	1796900a1fffebbd4bd948d9f11c183a1fb9fc4227963f3d11f147e59f089022	master
5bbc4bc1-ce8c-4c28-a9ca-959419eca247	node_1757609183518	id	Kudengar kamu suka main game. Aku sudah membuat beberapa kode curang, seperti untuk game-mu, tapi ini untuk Perlindungan Data HIB! (Aku tahu - membosankan!)	\N	google	\N	0.0138	138	completed	\N	\N	2025-09-17 06:13:57.812076+00	2025-11-15 09:36:21.867474+00	\N	t	f	d4c371a7982bccf33e08921305eb451631bad68fc47f9f77117fc1a049545ad2	master
cfe89bc9-a2c9-413e-8554-62e4f8690432	node_1757609258896	zh	但有时候，无聊也能很有趣，甚至令人着迷！\n\n准备好了吗？	\N	google	\N	0.0066	66	completed	\N	\N	2025-09-17 06:13:34.716804+00	2025-11-15 09:36:21.867474+00	\N	t	f	32a75c90dfa986241be4340dac4f1659a79836f260a37efa8148ba1d4db43e47	master
7422b040-bea7-4cc7-acbb-ca2fbd34b87f	node_1757609258896	id	Tapi terkadang membosankan bisa menyenangkan. Dan menarik!\nSudah siap?	\N	google	\N	0.0066	66	completed	\N	\N	2025-09-17 06:13:58.183365+00	2025-11-15 09:36:21.867474+00	\N	t	f	7272f26736ae2c49c1e2102b9f8769cf1614c3025ec4b3f9582b854ff78f992b	master
896f192d-f312-419f-9155-e2920c8c6233	node_1757637546014	zh	下次再见！与此同时，继续努力创建一些很棒的密码吧。🫡	\N	google	\N	0.0087	87	completed	\N	\N	2025-09-17 07:22:32.109447+00	2025-11-15 09:36:21.867474+00	\N	t	f	9a27cd36b118cdc1aa25f3d9b38b6a26276049f16a929eb9cf44ce73b21b4bfc	master
80940ca2-a903-4436-8b6f-ee8b5f1527f8	node_1757638744752	zh	密码越长越好。但是你记不住长密码吗？	\N	google	\N	0.0095	95	completed	\N	\N	2025-09-17 10:32:40.045177+00	2025-11-15 09:36:21.867474+00	\N	t	f	c72521bbb24107faf27b66907236b867e960900166d50a75f8ff035765acec0f	master
3bc56034-9af1-467e-8e48-7ab478747bf1	node_1757637444484	zh	好的——虽然密码很好，但网络安全局 (CSA) 建议使用密码短语。希望现在明白了！	\N	google	\N	0.0114	114	completed	\N	\N	2025-09-17 07:22:32.465901+00	2025-11-15 09:36:21.867474+00	\N	t	f	1a638d88a548aa5f53d1643c71c1af56cec57bf08ec1f22b64ab943defa6b4b2	master
abceec51-0c4d-4119-9ac9-8769c383d484	node_1757637401972	zh	让我们从网络安全和密码开始。	\N	google	\N	0.0045	45	completed	\N	\N	2025-09-17 07:22:32.821604+00	2025-11-15 09:36:21.867474+00	\N	t	f	bfa12e618ba74d26af8e81ae30980559e2e933af2ec597a616d3c72d25938565	master
7074fd91-497e-4574-b8b7-696fcb57a91b	node_1756909646747	my	တာ့တာ	\N	google	\N	0.0007	7	completed	\N	\N	2025-09-05 10:17:05.172369+00	2025-11-15 09:36:21.867474+00	\N	t	f	ea25030e532c18e9bc1dc9dee3fb3757349b678a03f2b19db91b7fe960780d2b	master
\.

--
-- Data for Name: lesson_translations; Type: TABLE DATA; Schema: public; Owner: postgres
--

COPY public.lesson_translations (id, lesson_id, language_code, title_translated, description_translated, engine_used, quality_score, translation_cost, character_count, status, translated_by, reviewed_by, created_at, updated_at, source_content_hash, is_outdated, needs_review, owner) FROM stdin;
072dbb05-db39-4ad1-afc7-a5a76a517d98	825f3ae6-d593-4e25-9926-61542bcd8cd6	id	Lembar Contekan Perlindungan Data HIB	Pelajaran ini membahas informasi utama yang perlu diketahui staf dalam format bergambar.	google	\N	0.0109	109	completed	\N	\N	2025-09-17 06:13:46.676036+00	2025-11-15 09:36:21.867474+00	\N	t	f	master
8aceff8d-5170-4caf-b6e6-be8e4e569049	ad4e3c99-975a-427a-b680-03b774ec4317	id	Praktik Terbaik Kata Sandi	Kita semua menggunakan kata sandi dan tahu tentang penggunaan huruf besar kecil, angka, karakter khusus, dan lain-lain saat membuat kata sandi. Tetapi apakah kata sandi tersebut benar-benar aman? Pelajaran ini membahas praktik terbaik dalam membuat kata sandi yang aman dan tidak mudah diretas.	deepl	\N	0.0053	266	completed	\N	\N	2025-08-26 02:24:10.063354+00	2025-11-15 09:36:21.867474+00	\N	t	f	master
3ad16c30-ad56-4bc0-a7ce-8488e5e8b9f6	ad4e3c99-975a-427a-b680-03b774ec4317	my	စကားဝှက် အကောင်းဆုံး အလေ့အကျင့်များ	စကားဝှက်များဖန်တီးသောအခါ ကျွန်ုပ်တို့အားလုံးသည် စကားဝှက်များကို အသုံးပြုကြပြီး ရောနှောထားသော ကိစ္စများ၊ နံပါတ်များ၊ အထူးအက္ခရာများ စသည်တို့ကို အသုံးပြုခြင်းအကြောင်း သိကြသည်။ ဒါပေမယ့် သူတို့ တကယ် လုံခြုံသလား။ ဤသင်ခန်းစာတွင် လုံခြုံပြီး အလွယ်တကူ ဟက်လို့မရနိုင်သော စကားဝှက်များ ဖန်တီးခြင်း၏ အကောင်းဆုံးအလေ့အကျင့်များကို အကျုံးဝင်ပါသည်။ 	google	\N	0.0027	266	completed	\N	\N	2025-08-16 10:09:13.88049+00	2025-11-15 09:36:21.867474+00	\N	t	f	master
7e981e4e-d9e4-4e45-b6f2-769d7365580e	459e9611-69ba-4b98-9d43-5fe25f56f85e	zh	HIB 和您的义务	本课程涵盖您与 HIB 相关的义务。	google	\N	0.0079	79	completed	\N	\N	2025-09-17 07:22:56.32955+00	2025-11-15 09:36:21.867474+00	\N	t	f	master
52cb5c45-8f34-489e-b3fb-4e17f746b18d	57cde5ae-57f4-4a5d-a956-2368d7f851b8	zh	HIB 和网络安全	本课程涵盖了您需要了解的与 HIB 相关的网络安全知识。	google	\N	0.0101	101	completed	\N	\N	2025-09-17 07:22:46.628728+00	2025-11-15 09:36:21.867474+00	\N	t	f	master
e192d49f-7d68-471c-9b94-bb6db96597ed	696f4cfb-488c-4638-b33f-3f55fb10a822	zh	护理人员的人道援助计划	简化课程，涵盖护理人员的关键 HIB 知识	google	\N	0.0083	83	completed	\N	\N	2025-09-17 07:22:30.865207+00	2025-11-15 09:36:21.867474+00	\N	t	f	master
a40cb7a0-6a87-4aaa-ace1-7b7d9af94590	eccf0a0c-fb9e-47af-a9f8-2a0adeb9bd32	zh	护理人员人道援助计划 - 2	本课重点讲解密码管理。	google	\N	0.0068	68	completed	\N	\N	2025-09-17 07:22:21.552042+00	2025-11-15 09:36:21.867474+00	\N	t	f	master
2f1c6fca-af3f-49d3-871d-e54d4014573b	2b6a20d5-06af-4296-a0e6-3f859f399ea7	id	Pelajaran simpul mini sederhana	Untuk tujuan pengujian umum, termasuk terjemahan bahasa.	deepl	\N	0.0017	85	completed	\N	\N	2025-08-26 02:24:40.521516+00	2025-11-15 09:36:21.867474+00	\N	t	f	master
3a3bf359-c1e0-417d-93c8-4f9089e09ed2	4c67d4c0-6012-40c3-901b-3c570f5727f4	id	Modul uji	untuk menguji percabangan ke dalam dan ke luar pelajaran.	deepl	\N	0.0011	54	completed	\N	\N	2025-09-03 14:52:38.005166+00	2025-11-15 09:36:21.867474+00	\N	t	f	master
592cee93-8a7b-44fe-ab20-e2f1d407eea6	4c67d4c0-6012-40c3-901b-3c570f5727f4	my	စမ်းသပ်မှု module	သင်ခန်းစာတစ်ခု၏ အတွင်းပိုင်းနှင့် ပိုင်းခြားမှုကို စမ်းသပ်ရန်။	google	\N	0.0005	54	completed	\N	\N	2025-09-05 10:17:00.616534+00	2025-11-15 09:36:21.867474+00	\N	t	f	master
63ca972d-af3d-4b1a-969a-1bb1c356afd6	71b8e53b-4c95-4d67-aacf-0434f833fc47	my	ရည်ရွယ်ချက်ကန့်သတ်ချက်	သင့်လျော်သောလူသည် သတ်မှတ်အခြေအနေများနှင့် တစ်ဦးချင်းသဘောတူခွင့်ပြုထားသည့်အတွက် သင့်လျော်သောပုဂ္ဂိုလ်တစ်ဦးမှ သင့်လျော်သည်ဟု ယူဆမည့် ရည်ရွယ်ချက်များအတွက်သာ စုဆောင်း၊ အသုံးပြုခြင်း သို့မဟုတ် ထုတ်ဖော်ခြင်း။\n\nအဖွဲ့အစည်းတစ်ခုသည် ထုတ်ကုန် သို့မဟုတ် ဝန်ဆောင်မှုတစ်ခုအား ပံ့ပိုးပေးသည့် အခြေအနေတစ်ရပ်အနေဖြင့် တစ်ဦးချင်းအား ထိုထုတ်ကုန် သို့မဟုတ် ဝန်ဆောင်မှုကို ပေးဆောင်ရန် ကျိုးကြောင်းဆီလျော်မှုထက် ကျော်လွန်၍ ၎င်း၏ကိုယ်ရေးကိုယ်တာအချက်အလက်များကို စုဆောင်းအသုံးပြုခြင်း၊ အသုံးပြုခြင်း သို့မဟုတ် ထုတ်ဖော်ခြင်းအား သဘောတူရန် တောင်းဆိုမည်မဟုတ်ပါ။	google	\N	0.0045	446	completed	\N	\N	2025-08-25 17:08:44.77318+00	2025-11-15 09:36:21.867474+00	\N	t	f	master
2ff80aef-bda6-4500-8241-45f579a3e412	2b6a20d5-06af-4296-a0e6-3f859f399ea7	my	ရိုးရှင်းသော mini node သင်ခန်းစာ	ဘာသာစကား ဘာသာပြန်မှုများ အပါအဝင် ယေဘူယျ စမ်းသပ်ခြင်း ရည်ရွယ်ချက်များအတွက်။	google	\N	0.0009	85	completed	\N	\N	2025-08-26 01:45:15.551195+00	2025-11-15 09:36:21.867474+00	\N	t	f	master
bdcba138-3cc6-47e8-9714-4adf8d3a60b3	825f3ae6-d593-4e25-9926-61542bcd8cd6	zh	HIB 数据保护速查表	本课程以图文形式涵盖了员工需要了解的关键信息。	google	\N	0.0109	109	completed	\N	\N	2025-09-17 06:13:22.792754+00	2025-11-15 09:36:21.867474+00	\N	t	f	master
388aac45-8a3f-41d2-930b-ad7a541b50c5	ad4e3c99-975a-427a-b680-03b774ec4317	zh	密码最佳实践	我们每个人都会使用密码，并且知道在创建密码时要使用大小写混合、数字、特殊字符等。但它们真的安全吗？本课程将介绍创建安全且不易被破解的密码的最佳实践。	google	\N	0.0266	266	completed	\N	\N	2025-09-17 10:32:31.006128+00	2025-11-15 09:36:21.867474+00	\N	t	f	master
\.


--
-- Data for Name: org_profile; Type: TABLE DATA; Schema: public; Owner: postgres
--

COPY public.org_profile (id, org_name, org_short_name, acra_uen_number, charity_registration_number, address, telephone, annual_turnover, number_of_employees, number_of_executives, appointed_certification_body, created_at, updated_at, created_by) FROM stdin;
296890aa-1bed-49d8-b6fc-b52329cdbf56	LESSON MASTER Pte Ltd	master	200000001M	NA	21 Tuan Penjuru Singapore 569059	81888888	\N	4	1	ASCB	2025-07-29 23:22:40.13147+00	2025-10-28 13:52:04.793406+00	\N
\.

--
-- Data for Name: template_variables; Type: TABLE DATA; Schema: public; Owner: postgres
--

COPY public.template_variables (id, key, category, display_name, is_system, is_active, created_by, created_at, updated_at) FROM stdin;
31dfd653-a795-4dca-bfac-77b857864a8d	org_name	Organization	Organization Name	t	t	\N	2025-09-03 07:16:10.151252+00	2025-09-03 07:16:10.151252+00
e3d76793-1658-4f88-9521-af989d8b1512	user_name	User	User Name	t	t	\N	2025-09-03 07:16:10.151252+00	2025-09-03 07:16:10.151252+00
339ecb6e-c0cc-4c93-8a4f-9b352ad4b6ae	user_email	User	User Email	t	t	\N	2025-09-03 07:16:10.151252+00	2025-09-03 07:16:10.151252+00
2a49d24f-c0d8-4e0c-9d7c-9a74659aa702	user_department	User	User Department	t	t	\N	2025-09-03 07:16:10.151252+00	2025-09-03 07:16:10.151252+00
abe36ba7-2719-4e8f-9a53-c220ed0eff99	current_date	System	Current Date	t	t	\N	2025-09-03 07:16:10.151252+00	2025-09-03 07:16:10.151252+00
faa69e3e-21a5-4a78-9c5f-05a26573b6a7	current_time	System	Current Time	t	t	\N	2025-09-03 07:16:10.151252+00	2025-09-03 07:16:10.151252+00
95a96150-a930-421c-9399-bfcf93f84bb8	dpo_name	Key Personnel	DPO Name	t	t	\N	2025-09-03 07:16:10.151252+00	2025-09-03 07:16:10.151252+00
46ce5ab8-0f90-491c-938d-7cffd7363737	dpo_email	Key Personnel	DPO Email	t	t	\N	2025-09-03 07:16:10.151252+00	2025-09-03 07:16:10.151252+00
2eb93d2e-2f03-4b76-b25c-678122bce9d7	iso_name	Key Personnel	ISO Name	t	t	\N	2025-09-03 07:16:10.151252+00	2025-09-03 07:16:10.151252+00
873f4896-27fc-4000-8b65-c090ec0b8792	iso_email	Key Personnel	ISO Email	t	t	\N	2025-09-03 07:16:10.151252+00	2025-09-03 07:16:10.151252+00
e0897bd4-3661-414a-9fa8-bf37c3218c9e	cem_name	Key Personnel	CEM Name	t	t	\N	2025-09-03 07:16:10.151252+00	2025-09-03 07:16:10.151252+00
bed3a9c8-9593-4e76-a3f0-d28daac1b062	cem_email	Key Personnel	CEM Email	t	t	\N	2025-09-03 07:16:10.151252+00	2025-09-03 07:16:10.151252+00
73a6d185-e08c-4dc1-8f9f-258273aa75d0	hib_name	Key Personnel	HIB Name	t	t	\N	2025-09-03 07:16:10.151252+00	2025-09-03 07:16:10.151252+00
349e2181-0736-4212-8502-ea678a237584	hib_email	Key Personnel	HIB Email	t	t	\N	2025-09-03 07:16:10.151252+00	2025-09-03 07:16:10.151252+00
908aa6f9-4e22-4ed5-acd0-ddf98d14c223	dpe_name	Key Personnel	DPE Name	t	t	\N	2025-09-03 07:16:10.151252+00	2025-09-03 07:16:10.151252+00
50804d3a-529f-4c71-9a2e-f0745322ac8a	dpe_email	Key Personnel	DPE Email	t	t	\N	2025-09-03 07:16:10.151252+00	2025-09-03 07:16:10.151252+00
d2ac20f6-9c17-470c-a02d-d6e88f6086bf	it_support_number	IT	IT Support Number	t	t	\N	2025-09-03 07:16:10.151252+00	2025-09-03 07:16:10.151252+00
a0fadbc3-e7e9-4181-9ba0-2edc8bce9871	first_name	User	First Name	t	t	\N	2025-09-10 04:48:50.125422+00	2025-09-10 04:48:50.125422+00
2be2a5f1-9651-46aa-9262-e0542ca0989a	last_name	User	Last Name	t	t	\N	2025-09-10 04:48:50.125422+00	2025-09-10 04:48:50.125422+00
127ffd20-79c7-446c-9a5a-661a4570f17c	password_policy	Policy	Company Password Policy	t	t	\N	2025-09-13 05:18:31.023293+00	2025-09-13 05:24:05.358384+00
794e61c5-409b-4804-8697-3c8239972f94	lesson_title	Learning	Lesson Title	t	t	\N	2025-10-09 05:25:43.548909+00	2025-10-09 05:25:43.548909+00
71173be4-270b-43cb-8947-24f1a8dfa6d6	lesson_url	Learning	Lesson URL	t	t	\N	2025-10-09 05:25:43.548909+00	2025-10-09 05:25:43.548909+00
6753cade-a31e-481d-bb52-7aa93c6f3fd7	lesson_description	Learning	Lesson Description	t	t	\N	2025-10-09 05:25:43.548909+00	2025-10-09 05:25:43.548909+00
79e8f7a3-d3a6-4219-8693-0e19b1f6aadf	lesson_duration	Learning	Lesson Duration	t	t	\N	2025-10-09 05:25:43.548909+00	2025-10-09 05:25:43.548909+00
9ed6809f-16af-4832-9c27-caa1900cae08	learning_track_title	Learning	Learning Track Title	t	t	\N	2025-10-09 05:25:43.548909+00	2025-10-09 05:25:43.548909+00
ffde993a-9337-4157-93e2-fffe61ee340a	learning_track_description	Learning	Learning Track Description	t	t	\N	2025-10-09 05:25:43.548909+00	2025-10-09 05:25:43.548909+00
5c856443-ce77-4b7d-96b2-d4e9ee8349c8	track_progress_percentage	Learning	Track Progress Percentage	t	t	\N	2025-10-09 05:25:43.548909+00	2025-10-09 05:25:43.548909+00
e15ae417-176c-4153-9a3a-614bf8edf1b7	lessons_completed_in_track	Learning	Lessons Completed in Track	t	t	\N	2025-10-09 05:25:43.548909+00	2025-10-09 05:25:43.548909+00
177697e5-7a34-4e6c-94d6-721585136fb3	total_lessons_in_track	Learning	Total Lessons in Track	t	t	\N	2025-10-09 05:25:43.548909+00	2025-10-09 05:25:43.548909+00
26f8a47d-d9f9-4320-86df-f44808218908	completion_date	Learning	Completion Date	t	t	\N	2025-10-09 05:25:43.548909+00	2025-10-09 05:25:43.548909+00
164506e8-3198-40a9-ba83-a99daef37ed0	completion_time	Learning	Completion Time	t	t	\N	2025-10-09 05:25:43.548909+00	2025-10-09 05:25:43.548909+00
0cd3c610-36a3-4d87-b220-5e93bf3e9241	completion_score	Learning	Completion Score	t	t	\N	2025-10-09 05:25:43.548909+00	2025-10-09 05:25:43.548909+00
96147f18-1af0-480d-986a-91f0a2bbc18d	completion_percentage	Learning	Completion Percentage	t	t	\N	2025-10-09 05:25:43.548909+00	2025-10-09 05:25:43.548909+00
0a2935c6-12c6-4055-8f22-e4adc49b07cd	next_lesson_available	Learning	Next Lesson Available	t	t	\N	2025-10-09 05:25:43.548909+00	2025-10-09 05:25:43.548909+00
08a8b7e5-3199-4139-ac3a-11d7f40dd6db	next_lesson_title	Learning	Next Lesson Title	t	t	\N	2025-10-09 05:25:43.548909+00	2025-10-09 05:25:43.548909+00
f03cf7ee-b8ce-423f-82a9-de65344809fe	next_lesson_url	Learning	Next Lesson URL	t	t	\N	2025-10-09 05:25:43.548909+00	2025-10-09 05:25:43.548909+00
3ae511b1-e100-4c47-9e6d-57065e661e8c	next_lesson_available_date	Learning	Next Lesson Available Date	t	t	\N	2025-10-09 05:25:43.548909+00	2025-10-09 05:25:43.548909+00
870ddba9-276b-4d17-8d45-da876f4c0823	system_name	System	System Name	t	t	\N	2025-10-09 05:26:14.714291+00	2025-10-09 05:26:14.714291+00
e9c360a3-6d70-4507-9c05-158f6f8c413d	app_name	System	Application Name	t	t	\N	2025-10-09 05:26:14.714291+00	2025-10-09 05:26:14.714291+00
783393df-b77e-4b70-89d7-7e0e7c15c63a	support_email	System	Support Email	t	t	\N	2025-10-09 05:26:14.714291+00	2025-10-09 05:26:14.714291+00
f3fbb226-3d52-420f-845f-16e743893338	support_phone	System	Support Phone	t	t	\N	2025-10-09 05:26:14.714291+00	2025-10-09 05:26:14.714291+00
792032b8-0e81-4b75-89b5-940e1625ab0d	notification_type	System	Notification Type	t	t	\N	2025-10-09 05:26:14.714291+00	2025-10-09 05:26:14.714291+00
5dd1e723-034e-4e6b-9711-4acbf14f9def	notification_priority	System	Notification Priority	t	t	\N	2025-10-09 05:26:14.714291+00	2025-10-09 05:26:14.714291+00
ea288e38-6681-4700-8639-5e8f4350ec12	notification_date	System	Notification Date	t	t	\N	2025-10-09 05:26:14.714291+00	2025-10-09 05:26:14.714291+00
91e8879b-9fea-447e-8722-c764bac6b02a	notification_time	System	Notification Time	t	t	\N	2025-10-09 05:26:14.714291+00	2025-10-09 05:26:14.714291+00
eac19e6c-d9a2-4ef7-8785-35df3a10b062	login_url	System	Login URL	t	t	\N	2025-10-09 05:26:14.714291+00	2025-10-09 05:26:14.714291+00
62ad5325-bcb1-4541-a7d6-ca9762e2fa53	dashboard_url	System	Dashboard URL	t	t	\N	2025-10-09 05:26:14.714291+00	2025-10-09 05:26:14.714291+00
41782f78-a3b0-46ec-a0c6-b3bae4459f3d	profile_url	System	Profile URL	t	t	\N	2025-10-09 05:26:14.714291+00	2025-10-09 05:26:14.714291+00
ac149ea1-ef7e-4f92-85c4-55eb47440b2d	settings_url	System	Settings URL	t	t	\N	2025-10-09 05:26:14.714291+00	2025-10-09 05:26:14.714291+00
e74d8277-6916-4896-9b87-cfedb0b87d61	course_title	Content	Course Title	t	t	\N	2025-10-09 05:26:14.714291+00	2025-10-09 05:26:14.714291+00
8d0a5944-4a7a-4be5-922f-8a9072450647	course_description	Content	Course Description	t	t	\N	2025-10-09 05:26:14.714291+00	2025-10-09 05:26:14.714291+00
2e8b5b9d-2687-4345-8611-45b016ec16a0	course_duration	Content	Course Duration	t	t	\N	2025-10-09 05:26:14.714291+00	2025-10-09 05:26:14.714291+00
f1097f55-bb61-4371-a06b-96f70e0adea9	course_url	Content	Course URL	t	t	\N	2025-10-09 05:26:14.714291+00	2025-10-09 05:26:14.714291+00
e188da67-0394-4e6d-a33a-540b9a550240	achievement_name	Achievement	Achievement Name	t	t	\N	2025-10-09 05:26:14.714291+00	2025-10-09 05:26:14.714291+00
1c8bea0e-c4a9-4939-9127-8fb71fa29be8	achievement_description	Achievement	Achievement Description	t	t	\N	2025-10-09 05:26:14.714291+00	2025-10-09 05:26:14.714291+00
00164880-fe8a-48bd-8404-5f6915eaebec	achievement_date	Achievement	Achievement Date	t	t	\N	2025-10-09 05:26:14.714291+00	2025-10-09 05:26:14.714291+00
7915b823-b59e-4537-93ef-3c252d5e9dc9	achievement_badge_url	Achievement	Achievement Badge URL	t	t	\N	2025-10-09 05:26:14.714291+00	2025-10-09 05:26:14.714291+00
d49fe1b7-5948-44e8-8d19-f95fd8a053b7	assignment_title	Task	Assignment Title	t	t	\N	2025-10-09 05:26:14.714291+00	2025-10-09 05:26:14.714291+00
87c54afb-0ada-40d6-a2ac-ef8d7561b3aa	assignment_description	Task	Assignment Description	t	t	\N	2025-10-09 05:26:14.714291+00	2025-10-09 05:26:14.714291+00
023f6136-0d81-4702-95f8-9f7799983225	assignment_due_date	Task	Assignment Due Date	t	t	\N	2025-10-09 05:26:14.714291+00	2025-10-09 05:26:14.714291+00
28472e80-a2e7-4d92-b168-5f78d3ab222b	assignment_url	Task	Assignment URL	t	t	\N	2025-10-09 05:26:14.714291+00	2025-10-09 05:26:14.714291+00
\.


--
-- Data for Name: template_variable_translations; Type: TABLE DATA; Schema: public; Owner: postgres
--

COPY public.template_variable_translations (id, variable_id, language_code, display_name, default_value, created_at, updated_at) FROM stdin;
c5220c0f-4ecb-439b-a34b-ede5d1b13988	31dfd653-a795-4dca-bfac-77b857864a8d	en	Organization Name	Your Organization	2025-09-03 07:16:10.151252+00	2025-09-03 07:16:10.151252+00
91b7e18f-8103-4c61-87df-d44b4e4075d8	e3d76793-1658-4f88-9521-af989d8b1512	en	User Name	User	2025-09-03 07:16:10.151252+00	2025-09-03 07:16:10.151252+00
4e112401-3610-4f46-9fd9-259621b83431	339ecb6e-c0cc-4c93-8a4f-9b352ad4b6ae	en	User Email	user@example.com	2025-09-03 07:16:10.151252+00	2025-09-03 07:16:10.151252+00
07c7558f-eaf4-4358-9428-1d40be8bebbd	2a49d24f-c0d8-4e0c-9d7c-9a74659aa702	en	User Department	Department	2025-09-03 07:16:10.151252+00	2025-09-03 07:16:10.151252+00
b1434341-3f29-4f24-b5c9-29ee5954db30	abe36ba7-2719-4e8f-9a53-c220ed0eff99	en	Current Date	2025-09-03	2025-09-03 07:16:10.151252+00	2025-09-03 07:16:10.151252+00
24a0ece9-c740-4b9c-95e2-20f5e285726a	faa69e3e-21a5-4a78-9c5f-05a26573b6a7	en	Current Time	07:16	2025-09-03 07:16:10.151252+00	2025-09-03 07:16:10.151252+00
3789ec4f-8b0f-47b2-9fb8-579880390bf6	95a96150-a930-421c-9399-bfcf93f84bb8	en	DPO Name	Data Protection Officer	2025-09-03 07:16:10.151252+00	2025-09-03 07:16:10.151252+00
ea78987b-3645-4070-ab5a-1bdc003a50c5	46ce5ab8-0f90-491c-938d-7cffd7363737	en	DPO Email	dpo@organization.com	2025-09-03 07:16:10.151252+00	2025-09-03 07:16:10.151252+00
d709c3c4-f394-49af-9846-1f852dcaf32c	2eb93d2e-2f03-4b76-b25c-678122bce9d7	en	ISO Name	Information Security Officer	2025-09-03 07:16:10.151252+00	2025-09-03 07:16:10.151252+00
e672bde9-ca0d-4061-a166-a77d2d1fef1f	873f4896-27fc-4000-8b65-c090ec0b8792	en	ISO Email	iso@organization.com	2025-09-03 07:16:10.151252+00	2025-09-03 07:16:10.151252+00
5604a085-1ef8-49bb-8c75-206921c97d33	e0897bd4-3661-414a-9fa8-bf37c3218c9e	en	CEM Name	Compliance & Ethics Manager	2025-09-03 07:16:10.151252+00	2025-09-03 07:16:10.151252+00
9fd5e83d-fe98-44ae-9e8c-10cf95fa59f8	bed3a9c8-9593-4e76-a3f0-d28daac1b062	en	CEM Email	cem@organization.com	2025-09-03 07:16:10.151252+00	2025-09-03 07:16:10.151252+00
ecde3b63-71c5-41f3-9120-a2fcbc771ad0	73a6d185-e08c-4dc1-8f9f-258273aa75d0	en	HIB Name	Health Information Security Officer	2025-09-03 07:16:10.151252+00	2025-09-03 07:16:10.151252+00
f56759d4-be29-4c3c-a1d3-03b806af1d16	349e2181-0736-4212-8502-ea678a237584	en	HIB Email	hib@organization.com	2025-09-03 07:16:10.151252+00	2025-09-03 07:16:10.151252+00
8a9cd994-a97a-4d46-b02c-ef46fb5c470e	908aa6f9-4e22-4ed5-acd0-ddf98d14c223	en	DPE Name	Data Protection Executive	2025-09-03 07:16:10.151252+00	2025-09-03 07:16:10.151252+00
a189396c-a116-4b88-92bc-32b5c38116ec	50804d3a-529f-4c71-9a2e-f0745322ac8a	en	DPE Email	dpe@organization.com	2025-09-03 07:16:10.151252+00	2025-09-03 07:16:10.151252+00
78f84a65-7a91-4745-9866-a780d8b74630	d2ac20f6-9c17-470c-a02d-d6e88f6086bf	en	IT Support Number	+1-800-IT-HELP	2025-09-03 07:16:10.151252+00	2025-09-03 07:16:10.151252+00
faf1ec1e-7582-4d59-b59c-a5bb6990afe3	a0fadbc3-e7e9-4181-9ba0-2edc8bce9871	en	First Name	First Name	2025-09-10 04:48:50.125422+00	2025-09-10 04:48:50.125422+00
20ba32d0-d676-447b-bcfa-9aa047e6b6ad	2be2a5f1-9651-46aa-9262-e0542ca0989a	en	Last Name	Last Name	2025-09-10 04:48:50.125422+00	2025-09-10 04:48:50.125422+00
32890a7c-c949-45b1-8ff8-0d05ce5c14e6	127ffd20-79c7-446c-9a5a-661a4570f17c	en	Company Password Policy	14 chars, 5 words, 1 capital letter, 1 number, 1 special character	2025-09-13 05:18:31.71351+00	2025-09-13 05:18:31.71351+00
2b5f45e8-01f9-49b5-98dc-f4fb489e4220	794e61c5-409b-4804-8697-3c8239972f94	en	Lesson Title	Lesson Title	2025-10-09 05:25:43.548909+00	2025-10-09 05:25:43.548909+00
f69f0e26-098a-4e59-bde2-c745819e1202	71173be4-270b-43cb-8947-24f1a8dfa6d6	en	Lesson URL	Lesson URL	2025-10-09 05:25:43.548909+00	2025-10-09 05:25:43.548909+00
7dca1964-38b7-422a-a7b9-5fd6f826d822	6753cade-a31e-481d-bb52-7aa93c6f3fd7	en	Lesson Description	Lesson Description	2025-10-09 05:25:43.548909+00	2025-10-09 05:25:43.548909+00
8a7455f1-22d8-4e70-a799-6b8af71a9255	79e8f7a3-d3a6-4219-8693-0e19b1f6aadf	en	Lesson Duration	Lesson Duration	2025-10-09 05:25:43.548909+00	2025-10-09 05:25:43.548909+00
be60ddfc-e71b-416d-ab4f-72283b55d6ba	9ed6809f-16af-4832-9c27-caa1900cae08	en	Learning Track Title	Learning Track Title	2025-10-09 05:25:43.548909+00	2025-10-09 05:25:43.548909+00
9ebd48e4-770e-4dee-81df-e3630ea75a21	ffde993a-9337-4157-93e2-fffe61ee340a	en	Learning Track Description	Learning Track Description	2025-10-09 05:25:43.548909+00	2025-10-09 05:25:43.548909+00
5fe10bab-f957-42f2-8526-58a4ea911e3d	5c856443-ce77-4b7d-96b2-d4e9ee8349c8	en	Track Progress Percentage	Track Progress Percentage	2025-10-09 05:25:43.548909+00	2025-10-09 05:25:43.548909+00
70a6aaa0-f038-4daf-ae73-c404de473b0d	e15ae417-176c-4153-9a3a-614bf8edf1b7	en	Lessons Completed in Track	Lessons Completed in Track	2025-10-09 05:25:43.548909+00	2025-10-09 05:25:43.548909+00
1fb40ba7-2f17-4c44-992d-9df062ddecc2	177697e5-7a34-4e6c-94d6-721585136fb3	en	Total Lessons in Track	Total Lessons in Track	2025-10-09 05:25:43.548909+00	2025-10-09 05:25:43.548909+00
5ad045e5-9131-436e-b674-7df5f3a213f2	26f8a47d-d9f9-4320-86df-f44808218908	en	Completion Date	Completion Date	2025-10-09 05:25:43.548909+00	2025-10-09 05:25:43.548909+00
072c6f10-4cae-42ca-9601-547f8a0175a7	164506e8-3198-40a9-ba83-a99daef37ed0	en	Completion Time	Completion Time	2025-10-09 05:25:43.548909+00	2025-10-09 05:25:43.548909+00
89f79f4f-3261-45a7-a80f-37644e32b89c	0cd3c610-36a3-4d87-b220-5e93bf3e9241	en	Completion Score	Completion Score	2025-10-09 05:25:43.548909+00	2025-10-09 05:25:43.548909+00
76891a62-3c71-49b3-9f24-8f675d0c3c29	96147f18-1af0-480d-986a-91f0a2bbc18d	en	Completion Percentage	Completion Percentage	2025-10-09 05:25:43.548909+00	2025-10-09 05:25:43.548909+00
05a5fa5e-178f-4c13-add5-f75a368f523c	0a2935c6-12c6-4055-8f22-e4adc49b07cd	en	Next Lesson Available	Next Lesson Available	2025-10-09 05:25:43.548909+00	2025-10-09 05:25:43.548909+00
d41ff284-096e-47ef-8847-b731a56bc95a	08a8b7e5-3199-4139-ac3a-11d7f40dd6db	en	Next Lesson Title	Next Lesson Title	2025-10-09 05:25:43.548909+00	2025-10-09 05:25:43.548909+00
b78387f9-679d-4785-8e57-7f61a80b6632	f03cf7ee-b8ce-423f-82a9-de65344809fe	en	Next Lesson URL	Next Lesson URL	2025-10-09 05:25:43.548909+00	2025-10-09 05:25:43.548909+00
cadb1db5-7f96-4a12-8457-091c03548c60	3ae511b1-e100-4c47-9e6d-57065e661e8c	en	Next Lesson Available Date	Next Lesson Available Date	2025-10-09 05:25:43.548909+00	2025-10-09 05:25:43.548909+00
a5029a52-f39e-4915-bf02-f59b457db69c	870ddba9-276b-4d17-8d45-da876f4c0823	en	System Name	System Name	2025-10-09 05:26:14.714291+00	2025-10-09 05:26:14.714291+00
765f1448-3d8d-4cc6-a170-76aa19846292	e9c360a3-6d70-4507-9c05-158f6f8c413d	en	Application Name	Application Name	2025-10-09 05:26:14.714291+00	2025-10-09 05:26:14.714291+00
078819aa-667a-4a5f-8367-79651c2ffd55	783393df-b77e-4b70-89d7-7e0e7c15c63a	en	Support Email	Support Email	2025-10-09 05:26:14.714291+00	2025-10-09 05:26:14.714291+00
7ebddb92-e645-498d-827b-d6a26b6f7caf	f3fbb226-3d52-420f-845f-16e743893338	en	Support Phone	Support Phone	2025-10-09 05:26:14.714291+00	2025-10-09 05:26:14.714291+00
e0a764b0-1685-4160-a146-a3e9bf6e02e0	792032b8-0e81-4b75-89b5-940e1625ab0d	en	Notification Type	Notification Type	2025-10-09 05:26:14.714291+00	2025-10-09 05:26:14.714291+00
e6b514e5-626c-4583-ac49-982af34e4c25	5dd1e723-034e-4e6b-9711-4acbf14f9def	en	Notification Priority	Notification Priority	2025-10-09 05:26:14.714291+00	2025-10-09 05:26:14.714291+00
cd16b63a-b2c0-4bfd-9101-9f6c578bb880	ea288e38-6681-4700-8639-5e8f4350ec12	en	Notification Date	Notification Date	2025-10-09 05:26:14.714291+00	2025-10-09 05:26:14.714291+00
72d51006-45b7-4aaf-8d93-8fa5d27b1900	91e8879b-9fea-447e-8722-c764bac6b02a	en	Notification Time	Notification Time	2025-10-09 05:26:14.714291+00	2025-10-09 05:26:14.714291+00
973e7cd1-fafe-45e4-8f39-538822a8e289	eac19e6c-d9a2-4ef7-8785-35df3a10b062	en	Login URL	Login URL	2025-10-09 05:26:14.714291+00	2025-10-09 05:26:14.714291+00
f4942ea0-f677-44cc-adc4-e9522319c7a2	62ad5325-bcb1-4541-a7d6-ca9762e2fa53	en	Dashboard URL	Dashboard URL	2025-10-09 05:26:14.714291+00	2025-10-09 05:26:14.714291+00
239a3e23-8cf7-44d3-ad81-998698209551	41782f78-a3b0-46ec-a0c6-b3bae4459f3d	en	Profile URL	Profile URL	2025-10-09 05:26:14.714291+00	2025-10-09 05:26:14.714291+00
aa9c7143-185d-40a9-9f67-680fb241f79c	ac149ea1-ef7e-4f92-85c4-55eb47440b2d	en	Settings URL	Settings URL	2025-10-09 05:26:14.714291+00	2025-10-09 05:26:14.714291+00
65ef801a-a3b8-41ba-91b3-37ded9e7742b	e74d8277-6916-4896-9b87-cfedb0b87d61	en	Course Title	Course Title	2025-10-09 05:26:14.714291+00	2025-10-09 05:26:14.714291+00
502fe1c3-a163-46c7-8ec1-1a72067e46b6	8d0a5944-4a7a-4be5-922f-8a9072450647	en	Course Description	Course Description	2025-10-09 05:26:14.714291+00	2025-10-09 05:26:14.714291+00
279fdd3d-d4dc-4999-bae2-aa8cfdd8c3e6	2e8b5b9d-2687-4345-8611-45b016ec16a0	en	Course Duration	Course Duration	2025-10-09 05:26:14.714291+00	2025-10-09 05:26:14.714291+00
6a96b9cc-a0ce-4ab0-bcbd-b375f591223c	f1097f55-bb61-4371-a06b-96f70e0adea9	en	Course URL	Course URL	2025-10-09 05:26:14.714291+00	2025-10-09 05:26:14.714291+00
1cbb7e8d-9f94-40f5-a4a6-97217e2f12cc	e188da67-0394-4e6d-a33a-540b9a550240	en	Achievement Name	Achievement Name	2025-10-09 05:26:14.714291+00	2025-10-09 05:26:14.714291+00
246dea02-fc7a-43ca-a5a7-63b253b7fcd4	1c8bea0e-c4a9-4939-9127-8fb71fa29be8	en	Achievement Description	Achievement Description	2025-10-09 05:26:14.714291+00	2025-10-09 05:26:14.714291+00
999990cb-d071-4e6d-8f3b-737adc2bf4c0	00164880-fe8a-48bd-8404-5f6915eaebec	en	Achievement Date	Achievement Date	2025-10-09 05:26:14.714291+00	2025-10-09 05:26:14.714291+00
9d85c16b-b04b-416b-8de2-5b260679e087	7915b823-b59e-4537-93ef-3c252d5e9dc9	en	Achievement Badge URL	Achievement Badge URL	2025-10-09 05:26:14.714291+00	2025-10-09 05:26:14.714291+00
f814f238-07e8-4fb0-9812-42886efe46aa	d49fe1b7-5948-44e8-8d19-f95fd8a053b7	en	Assignment Title	Assignment Title	2025-10-09 05:26:14.714291+00	2025-10-09 05:26:14.714291+00
95717fb6-2b8f-4231-8e78-77c92bc7b6dd	87c54afb-0ada-40d6-a2ac-ef8d7561b3aa	en	Assignment Description	Assignment Description	2025-10-09 05:26:14.714291+00	2025-10-09 05:26:14.714291+00
2e85f3b6-b46c-49bb-b938-a4c08d7a8d76	023f6136-0d81-4702-95f8-9f7799983225	en	Assignment Due Date	Assignment Due Date	2025-10-09 05:26:14.714291+00	2025-10-09 05:26:14.714291+00
84eb9283-5270-40d5-bbcd-b436ef050995	28472e80-a2e7-4d92-b168-5f78d3ab222b	en	Assignment URL	Assignment URL	2025-10-09 05:26:14.714291+00	2025-10-09 05:26:14.714291+00
\.

--
-- PostgreSQL database dump complete
--

\unrestrict xhLqpq2tF31Sbgdrxs6fYevb1CUvrqrRIVnMD0Ffv4ox2dXEtCka4wsmaioUndy

